,MR_SUBMISSION_TEMPLATE_ID,MEMBER_MONTHS_INDIVIDUAL,MEMBER_MONTHS_SMALL_GROUP,REINSURANCE,RISK_TRANSFER_INDIVIDUAL,RISK_TRANSFER_SMALL_GROUP,Hash
143,142009,1722261.0,0.0,19011514.77,-218903904.1,0.0,-6652940423.709999
105,140839,2736915.0,1788573.0,41878401.12,-125635856.0,-9524829.0,-3763484821.16
139,141992,3470273.0,851617.0,136763089.1,-135056370.8,-11511826.07,-3425106914.2900004
88,140366,1358859.0,681644.0,51736710.0,-37496765.0,-153842015.4,-3415557006.8
267,143689,7778647.0,8405443.0,198979973.0,-97545960.0,-93390596.0,-3218705081.0
453,145391,2827355.0,128894.0,56890286.23,-110567546.0,973155.25,-3012818283.14
266,143688,7551901.0,8079938.0,193562111.0,-82078859.0,-86670688.0,-2662911548.0
464,145409,2027920.0,5688842.0,62222129.37,-51860469.19,-71450531.58,-2386778676.16
485,145644,741265.0,2447.0,11384480.0,-62496825.0,0.0,-1857710215.0
273,143773,940354.0,684990.0,20306783.02,-58546619.34,-5894153.85,-1772998333.8500001
56,139512,907805.0,245985.0,15622824.0,-58634679.0,-1706574.0,-1737327039.0
349,144904,786748.0,0.0,13855317.65,-56621556.4,0.0,-1658281024.85
4,136457,525565.0,6774.0,7171320.0,-48452999.0,-788994.0,-1465256627.0
38,138710,401015.0,0.0,6628929.28,-48556174.15,0.0,-1458838893.6899998
456,145396,1258611.0,418066.0,38727295.86,-47680707.29,-9400776.79,-1366824060.4
455,145395,1636213.0,488522.0,55292596.24,-50915272.24,-8823255.86,-1341320615.38
469,145431,38982.0,1393628.0,4503869.05,7987421.74,-92687139.67,-1296544217.1000001
58,139514,591522.0,107302.0,10971185.0,-39306436.0,-1753706.0,-1171514223.0
120,141292,356422.0,0.0,6773389.05,-39114321.98,0.0,-1165130258.03
197,143062,563748.0,55523.0,25505469.21,-38582686.31,-7735504.78,-1149028572.4
450,145375,347458.0,986928.0,7730016.83,-28034711.1,-16121561.67,-1089032474.6799998
532,145886,382268.0,0.0,5341921.0,-36084528.0,0.0,-1081226921.0
46,139389,335837.0,0.0,4031648.63,-34636348.44,0.0,-1045505261.2299999
263,143508,688066.0,23154.0,4626816.0,-33871661.0,-1139810.0,-1037010549.0
3,136114,890026.0,26597.0,38644223.02,-41180913.87,-819602.44,-1020032010.31
60,139545,286497.0,6620.0,5188576.67,-30571356.27,-1666323.89,-939719513.8100001
251,143393,507668.0,235369.0,9283000.0,-29118000.0,-3574000.0,-898435000.0
311,144502,155023.0,23217.0,2643378.04,-28712244.96,-1540420.81,-897763101.25
486,145646,1596397.0,859012.0,46806689.64,-40005044.55,1981424.91,-878825330.0999999
182,142691,482538.0,790744.0,17813284.44,-26170707.0,-10932640.0,-872453805.92
65,139755,599791.0,532442.0,18986651.02,-30654005.69,-1581186.14,-844247783.63
438,145341,2494209.0,920637.0,81044964.44,-42252916.05,-5330129.68,-833137851.03
26,138607,2659756.0,286085.0,106751487.0,-46784130.0,-7096865.0,-823694326.0
314,144522,416880.0,0.0,19778819.31,-30977083.32,0.0,-821837847.75
49,139395,187352.0,0.0,1183808.05,-26584661.51,0.0,-815837850.46
321,144573,497784.0,926042.0,14180131.0,-27448473.06,-2734798.0,-798133313.86
106,140896,199582.0,0.0,1229751.0,-25983025.0,0.0,-796865518.0
452,145387,324022.0,619199.0,6956215.73,-25852344.52,-1628024.96,-780405594.33
495,145702,190900.0,0.0,2553474.0,-24567669.0,0.0,-743723421.0
324,144619,414794.0,91889.0,18116860.37,-22522412.38,-9219351.96,-728105744.51
59,139541,2105500.0,3205623.0,85519013.0,-62882998.0,36636642.0,-727916933.0
186,142799,187043.0,0.0,175488.0,-23491265.0,0.0,-727000799.0
369,145011,368678.0,5495.0,10327427.0,-25536301.0,-35237.0,-719932371.0
272,143757,485275.0,824836.0,10355176.3,-28025200.75,5437975.83,-703849400.04
428,145278,953930.0,549.0,40075658.09,-28130267.1,21102.91,-591149924.0
140,142003,123580.0,416900.0,2692920.0,-13068520.8,-11886890.81,-588350848.57
268,143690,226746.0,325505.0,5417862.0,-15467101.0,-6719908.0,-555793533.0
340,144862,64496.0,52523.0,2529281.87,-11959078.41,-10613142.79,-533449885.04999995
189,142858,203446.0,0.0,4107893.0,-18119293.0,0.0,-532942832.0
480,145496,777909.0,4679.0,23266684.0,-22413845.0,0.0,-531962407.0
484,145503,491563.0,112496.0,17006994.0,-19940059.0,-1675211.0,-527571458.0
135,141779,1147557.0,1418824.0,51268519.33,-26986914.17,-2173306.64,-514660916.8400001
178,142477,282386.0,0.0,1943986.6,-16960010.43,0.0,-512152417.13
142,142005,120352.0,114120.0,2287652.0,-13277105.8,-6479337.81,-505725458.57
288,143934,670802.0,0.0,11505740.16,-18697013.15,0.0,-499067226.53
500,145714,148400.0,6953.0,2463700.0,-15862776.0,-754425.0,-487325381.0
471,145434,260828.0,68312.0,6600034.03,-16376734.45,-481369.85,-469661817.19
57,139513,287296.0,90959.0,4158596.0,-17702319.0,2987261.0,-468878280.0
440,145345,641288.0,66865.0,19209399.9,-18755986.81,-684315.39,-458603153.44000006
387,145144,47868.0,192165.0,725536.0,-3443885.0,-20769949.0,-454770816.0
154,142170,489641.0,0.0,9239804.0,-16725739.0,0.0,-453819281.0
10,137253,254595.0,251093.0,7001993.36,-13412865.64,-4512866.63,-443503614.03000003
342,144864,53942.0,33954.0,2008541.46,-10205123.79,-7075784.88,-422587390.22999996
40,138827,348378.0,11302.0,12762103.4,-16112496.42,-139379.33,-412522113.83
50,139397,223797.0,0.0,2157601.74,-13768906.67,0.0,-411732894.59
104,140834,273179.0,197242.0,11919279.42,4799075.39,-36417583.95,-386892634.1200001
137,141857,150566.0,0.0,2400338.0,-12348266.0,0.0,-365993880.0
0,134669,237567.0,107378.0,5518706.0,-11035028.0,-3534468.0,-363540882.0
357,144930,2395866.0,2687590.0,71962986.76,-22755037.79,-9102983.98,-356415991.8299999
463,145408,248398.0,365173.0,6805223.19,-14644018.01,3355287.06,-349288115.96000004
122,141426,179483.0,222582.0,8822692.0,-4859745.0,-14888625.0,-341999876.0
93,140569,212523.0,3063.0,6310285.0,-11980762.0,-355579.0,-333276470.0
61,139673,624707.0,220630.0,26499387.62,-15791307.03,-1662191.39,-332292058.22
362,144945,385348.0,44464.0,13274182.0,-13206183.0,250109.0,-312220546.0
502,145716,92215.0,269.0,2114169.44,-10504218.18,0.0,-310831577.5
136,141855,210962.0,0.0,5234618.0,-10842830.0,0.0,-299485404.0
284,143872,92463.0,0.0,754761.7,-9790291.64,0.0,-298215708.94000006
280,143840,78262.0,53216.0,1300634.56,-9447131.61,-727200.19,-296119041.21999997
448,145369,547175.0,131042.0,19987007.51,-13630630.99,-516160.25,-291415232.37
442,145349,1752758.0,360569.0,59835189.72,-22528151.66,-239352.1,-283595359.12000006
286,143926,511698.0,0.0,8194603.78,-10893205.76,0.0,-280327152.1
117,141103,445529.0,162864.0,15405876.11,-9944277.0,-3747729.11,-264142849.10000002
472,145437,217406.0,107344.0,4645171.42,-9332073.47,-361486.58,-262923349.49
181,142622,187810.0,3128.0,1434546.04,-8608201.54,-343863.12,-262658098.49999997
427,145275,299911.0,0.0,10198103.34,-10361029.92,0.0,-249805204.14
39,138736,266447.0,49646.0,8888515.12,-10190001.92,460760.03,-245837533.17
247,143365,204238.0,70909.0,11444255.56,-6912671.83,-6459820.49,-243999986.14
489,145689,163550.0,2284.0,5081257.08,-8860894.35,-27406.0,-239584827.28999996
164,142259,66465.0,77527.0,2287097.0,-7071365.0,-1699991.0,-232102483.0
101,140665,233318.0,8661.0,7830979.3,-8989541.02,-397175.98,-230610908.18
289,143938,158525.0,0.0,3088183.45,-8072457.49,0.0,-228628898.04
188,142852,287238.0,2901.0,6803332.38,-8658833.22,-177962.62,-223825867.70000002
37,138700,74581.0,57189.0,3298038.83,-4232651.44,-6466414.74,-218054973.41000003
356,144929,110036.0,440289.0,3019983.96,-1630614.04,-10757047.39,-212278953.15
488,145688,357536.0,24417.0,14097599.63,-8968736.42,-1830533.62,-210466703.14999995
491,145694,1329937.0,1292437.0,31989248.98,-15389290.74,2730391.61,-206726612.70999998
376,145042,810658.0,5638.0,36814863.0,-14555844.0,-470419.0,-201524246.0
467,145427,69307.0,110659.0,1532190.08,-7118682.15,672487.49,-198521528.76
445,145361,458023.0,120595.0,9715649.28,-9421914.58,2094829.83,-188457699.91000003
54,139507,107468.0,14217.0,4158176.9,-6743522.63,-471429.58,-187956266.09
48,139393,63391.0,0.0,649585.83,-6141372.01,0.0,-185835431.5
458,145400,127740.0,421935.0,1613468.24,-3663100.18,-4599781.33,-180458110.51
501,145715,56185.0,6684.0,349531.0,-5358558.0,-754425.0,-176493806.0
52,139427,58566.0,0.0,1542063.16,-5999819.7,0.0,-175199968.58
402,145226,175956.0,0.0,11719200.31,-8198015.22,0.0,-172104069.64999998
348,144900,115591.0,0.0,1958644.09,-5906132.97,0.0,-169379613.44
277,143823,616196.0,44953.0,23491160.98,-10780079.06,185957.75,-166583042.25
47,139391,102284.0,0.0,1216016.27,-5580967.25,0.0,-164497870.86
359,144932,291585.0,450153.0,9089003.13,-4690047.93,-4863412.72,-164446480.15999997
334,144723,216324.0,3385.0,7007697.0,-6390206.0,-196034.0,-152375085.0
198,143079,121898.0,253629.0,1963170.0,-4391486.0,-1170300.0,-142288976.0
22,138303,72061.0,0.0,1493473.0,-4376813.0,0.0,-125226892.0
290,144110,159592.0,26851.0,26291860.0,-9415111.0,-683234.0,-119440399.0
360,144936,111408.0,267643.0,7076370.0,-7085739.0,2994922.0,-119209645.0
382,145087,54902.0,22123.0,912950.0,-4076071.0,76154.0,-118672933.0
327,144664,133530.0,280528.0,2285490.74,-3613903.57,-1284007.58,-117860704.35
446,145363,168861.0,61975.0,6779907.14,-5367684.26,104899.71,-117155567.01000002
279,143836,368674.0,125902.0,31470678.0,-10390482.0,-900332.0,-117115840.0
190,142862,56561.0,0.0,471687.0,-3862217.0,0.0,-116426918.0
133,141773,248033.0,434330.0,6596325.19,-2546110.54,-4759020.22,-113658494.14999998
78,139903,154159.0,0.0,2012007.0,-4116191.0,0.0,-113517872.0
341,144863,10554.0,18569.0,520740.41,-1753954.62,-3537357.91,-110862494.82000001
329,144667,131934.0,275220.0,2270806.33,-3519378.65,-991146.89,-110054590.96999998
131,141763,1291544.0,1448425.0,49300779.17,-12386830.58,-4106693.9,-108700090.09000002
1,135842,69211.0,44324.0,5970215.0,-4413566.0,-781267.0,-108310580.0
45,139387,219401.0,0.0,4584271.37,-4508929.62,0.0,-107686918.63
206,143265,18660.0,18371.0,1166760.0,-2908794.0,-1465993.0,-106927175.0
474,145442,562121.0,762695.0,19067675.56,-10218459.31,4559477.87,-105787385.90000002
19,138134,14930.0,52255.0,204999.6,-1114129.21,-4103256.98,-102858376.97
271,143756,55370.0,62022.0,5244497.0,-855334.89,-6517699.11,-100604787.46000001
344,144880,145243.0,0.0,4671000.0,-4258000.0,0.0,-99301000.0
55,139511,28987.0,47724.0,493043.0,-1625924.0,-2940129.0,-96934536.0
269,143754,56109.0,63316.0,5414087.23,-709846.1,-6506792.07,-94722083.67999999
326,144660,189964.0,114883.0,8733138.0,2282312.0,-13302064.0,-94251450.0
64,139717,55506.0,0.0,749704.59,-3038785.1,0.0,-88954405.97000001
33,138644,5468959.0,0.0,3065392.2,-3400197.89,0.0,-83948389.19
77,139901,72932.0,0.0,1294508.0,-2854735.0,0.0,-79435229.0
503,145785,80011.0,0.0,4106399.0,-3473430.83,0.0,-78931562.73
430,145308,829731.0,627193.0,20531573.0,-7630793.0,917233.0,-77240611.0
194,142876,684681.0,822108.0,6020102.71,-5139303.75,2652230.24,-72089783.19999999
87,140324,192418.0,62497.0,15340572.0,-3985496.0,-3214449.0,-70812005.0
478,145492,15810.0,0.0,87641.07,-2292498.53,0.0,-70453966.94
231,143298,82276.0,2702.0,2412911.0,-2641746.0,-271230.0,-69614659.0
51,139399,16369.0,0.0,41625.12,-2232448.52,0.0,-68914528.28
158,142186,91739.0,0.0,3260858.0,-2946128.0,0.0,-68503962.0
163,142222,113702.0,337779.0,5152813.04,-1928407.65,-2483141.65,-65924353.919999994
167,142285,120726.0,31560.0,1953916.0,-1884389.93,-1229766.58,-65644707.69
195,142877,150570.0,144350.0,2720481.66,-4821040.08,3892116.41,-64242891.889999986
134,141775,231548.0,7886.0,1206173.54,-2261208.38,-124082.7,-63763650.9
94,140571,260198.0,210436.0,6669157.74,-3917017.08,688516.26,-63038648.88000001
437,145330,76021.0,3878.0,2390670.97,-2527671.53,0.0,-61623120.63999999
67,139789,27657.0,36486.0,504657.46,-1145778.83,-1725407.84,-61318474.79000001
462,145407,34529.0,112153.0,731083.64,-2790586.53,1289962.56,-59461233.42999999
183,142693,11204.0,1041.0,26556.12,-1899005.0,-6352.0,-58791246.16
123,141435,21655.0,0.0,503783.01,-2005787.99,0.0,-58652946.62
383,145089,306867.0,26843.0,9023847.0,-4117248.0,427409.0,-57201806.0
315,144524,27789.0,0.0,944744.18,-1957295.7,0.0,-54062957.44
460,145405,23387.0,4936.0,983449.96,-1832345.1,-241246.17,-54019733.27
262,143506,13431.0,574.0,611301.0,-1843454.0,-2525.02,-52910892.34
35,138659,61178.0,0.0,617120.17,-1803076.9,0.0,-51575542.71
347,144894,149251.0,15283.0,4993056.46,-2751129.36,-17495.48,-50631038.099999994
108,140907,281235.0,0.0,13394748.0,-4595004.0,0.0,-48681888.0
332,144718,1277.0,39028.0,184455.0,309874.0,-3431345.0,-47435586.0
11,137255,78033.0,0.0,476584.95,-1613428.88,0.0,-46680200.629999995
86,140073,168528.0,434149.0,3802606.0,-148477.0,-3997943.0,-45949576.0
386,145097,154506.0,141466.0,9162251.0,-2809177.0,-1242844.0,-44077078.0
283,143864,41870.0,0.0,489283.73,-1502492.36,0.0,-43152277.050000004
34,138649,13076.0,0.0,305224.98,-1451612.01,0.0,-42863397.45
466,145421,29548.0,5359.0,613289.43,-1395523.23,0.0,-38968194.120000005
432,145314,83136.0,297977.0,2170876.96,-548538.32,-2168339.57,-38670321.89
514,145811,85368.0,182866.0,4907965.39,-188325.95,-3938829.87,-38442454.510000005
138,141864,99053.0,258618.0,2618360.0,-1229943.0,-843133.0,-34132974.0
465,145412,36698.0,185509.0,814182.42,-670691.43,-1111838.72,-33993415.629999995
498,145706,76759.0,0.0,5112090.38,-2183267.46,0.0,-31896658.60000001
451,145383,8373.0,6474.0,44569.5,-1143730.02,261732.04,-30694199.439999998
454,145393,507146.0,329571.0,14299851.95,1027646.58,-9528358.12,-30026080.409999996
449,145373,12516.0,45656.0,729231.6,-743159.52,-557909.15,-27417779.470000003
5,136459,37735.0,14475.0,3283275.0,-558587.0,-1913246.0,-26858454.0
418,145246,51450.0,0.0,2292719.96,-1371221.77,0.0,-26458835.15
363,144963,223887.0,88730.0,5372621.0,-2390195.0,620027.0,-25947239.0
43,139184,5221.0,0.0,64751.48,-846218.15,0.0,-25779502.290000003
393,145214,7077.0,26.0,147985.51,-805865.4,2012.29,-23911719.900000002
249,143389,28955.0,59864.0,935206.97,-728919.89,-429914.25,-23358610.05
125,141523,12200.0,49137.0,188387.16,-347998.34,-665160.05,-20776959.270000003
172,142392,5900.0,66436.0,196382.51,-233539.0,-852678.23,-20360561.34
470,145432,16986.0,11487.0,651649.37,-715751.32,-157069.07,-20296919.52
524,145837,16365.0,143566.0,676011.0,261705.0,-1948641.42,-20281972.14
444,145354,9743.0,47711.0,22500.68,-199876.92,-816820.31,-19924625.03
343,144866,96015.0,16403.0,8897183.0,-2626798.0,-31069.0,-19678630.0
208,143267,15038.0,1253.0,852995.0,-668914.0,-271493.0,-19380750.0
41,138886,11753.0,0.0,424225.77,-702032.46,0.0,-18793425.869999997
13,137276,2147.0,38516.0,19515.0,-89959.0,-860553.0,-17281525.0
102,140704,3534.0,60181.0,221193.0,397249.0,-1757924.0,-16021638.0
392,145183,5476.0,40095.0,201831.79,-22322.05,-949799.09,-15425745.549999999
70,139856,14956.0,0.0,108388.03,-489545.74,0.0,-14417201.73
516,145818,28992.0,12.0,292878.17,-520970.75,0.0,-14099946.06
345,144886,3453.0,0.0,22683.0,-455783.0,0.0,-13970492.0
461,145406,7547.0,8048.0,26064.57,-254043.24,-335906.75,-13403303.2
406,145231,10571.0,1064.0,177997.67,-448183.32,-40377.81,-13334122.0
409,145235,25083.0,0.0,1229793.65,-684964.86,0.0,-12625355.110000001
91,140551,2558.0,37764.0,96844.97,-52354.0,-684525.0,-12581984.21
505,145788,8077.0,1810.0,149105.97,-484230.53,91590.58,-12410364.780000001
512,145808,33385.0,62952.0,1227009.54,-356523.02,-541342.84,-11665975.12
99,140654,33167.0,126471.0,1271902.17,-580499.95,-139082.01,-11456577.43
325,144653,4119.0,16662.0,51093.0,-170079.0,-373335.0,-11261493.0
447,145365,165909.0,80500.0,6202536.18,-1508060.57,-408938.73,-10284082.820000004
330,144708,54482.0,239883.0,1632422.0,-203971.0,-898073.0,-10163388.0
15,137278,656.0,13466.0,11643.0,-15243.0,-553884.0,-9807060.0
401,145225,18886.0,0.0,341552.54,-368112.74,0.0,-9020627.16
274,143778,2633.0,6988.0,80904.44,-207447.42,-169162.21,-8740296.51
441,145348,2953.0,154.0,62579.37,-199659.47,-154417.16,-8376479.700000001
193,142875,534111.0,677758.0,3299621.05,-318263.67,-1239886.17,-7846891.310000002
527,145842,12865.0,44797.0,434600.45,492073.0,-1525019.48,-7628865.010000002
14,137277,1491.0,25050.0,7872.0,-74716.0,-306669.0,-7474465.0
185,142778,332567.0,339014.0,9856173.0,-4161992.0,3092137.0,-7462212.0
32,138640,4600.0,0.0,53670.03,-245126.83,0.0,-7223241.52
71,139880,48422.0,0.0,300711.0,-265619.0,0.0,-6129212.0
499,145709,53898.0,2437.0,1917695.77,-825246.58,389024.19,-5545362.359999999
74,139884,122296.0,109024.0,7010027.68,-805324.98,-1744039.87,-5543558.410000004
395,145216,7917.0,0.0,506400.88,-280355.58,0.0,-5146216.82
320,144557,2990.0,123.0,59160.57,-163736.68,-28002.5,-5137755.59
162,142193,37958.0,27386.0,1844903.0,-581288.0,0.0,-5105607.0
157,142185,2095.0,0.0,37937.0,-143117.0,0.0,-4171068.0
361,144943,31587.0,188864.0,166070.0,175984.0,-629678.0,-4086532.0
205,143264,8015.0,352.0,451876.0,-223260.0,-18833.0,-4078089.0
328,144665,337.0,1652.0,14684.41,-16255.23,-174731.4,-3371555.0599999996
121,141364,1284.0,29968.0,71590.71,-7577.79,-207851.87,-3267258.31
219,143280,36399.0,331.0,790041.0,-244925.0,-47915.0,-2876943.0
222,143283,20764.0,2758.0,1117513.0,-317760.0,-14565.0,-2275574.0
6,136599,618.0,0.0,52138.69,-72128.3,-547.64,-1880316.35
42,139182,486.0,0.0,11974.7,-53971.89,0.0,-1589305.6900000002
275,143790,111.0,2089.0,113491.61,-17274.78,-76964.5,-1049473.41
439,145343,80734.0,83079.0,1885185.38,-644379.33,377154.72,-367831.330000001
248,143387,82743.0,92397.0,2847028.61,-527000.51,-223720.87,-211070.330000001
151,142164,2028.0,0.0,7903.72,-7622.19,0.0,-180961.84999999998
285,143895,94212.0,301024.0,2317323.34,-246739.17,-514739.0,-178213.8900000006
68,139796,22876.0,138.0,505056.0,-115235.0,0.0,-36893.0
124,141452,74.0,7738.0,35910.0,8802.0,-16717.0,240043.0
148,142151,3229.0,0.0,37995.2,20588.27,0.0,904202.77
150,142162,733.0,0.0,55202.84,19849.85,0.0,1001765.23
252,143419,1054.0,0.0,37673.95,25987.32,0.0,1069324.57
153,142169,1150.0,0.0,89760.56,18632.31,0.0,1205925.5299999998
473,145441,15249.0,64634.0,76065.45,-112658.64,256967.27,1408483.9
518,145821,2381.0,685.0,66139.02,74763.49,-69246.02,1603458.99
413,145240,36813.0,0.0,2086356.42,-414394.03,0.0,1758280.009999998
212,143271,2948.0,43.0,101849.0,40682.0,-10832.0,1789941.0
144,142144,172.0,0.0,4144.31,58268.68,0.0,1835339.25
238,143306,5498.0,1181.0,381626.0,-21717.0,-8783.0,1848844.0
459,145404,93291.0,433610.0,4541714.71,-621770.44,-610884.79,2132077.9000000022
416,145243,4244.0,0.0,119109.57,46629.09,0.0,2279268.78
145,142146,4469.0,0.0,49032.11,64518.43,0.0,2343296.1
8,137157,43144.0,1240.0,81905.0,63116.0,-7981.0,2394254.0
156,142184,11749.0,0.0,723972.0,-37956.0,0.0,3891168.0
423,145264,1504.0,0.0,73070.96,110558.42,0.0,3938807.74
216,143277,7920.0,11596.0,198924.0,137387.0,-45008.0,4886329.0
29,138620,9312.0,77.0,396734.18,79692.27,0.0,5247599.63
203,143153,99874.0,154099.0,3607.0,-231991.0,742551.0,5456895.0
270,143755,739.0,1294.0,169590.23,145488.79,10907.04,5882703.78
281,143856,2351.0,112.0,32872.0,197264.0,-5456.0,6252536.0
97,140650,4585.0,0.0,389660.27,116319.32,0.0,6333520.8100000005
63,139698,275330.0,221076.0,9484951.0,-1326443.0,-1104554.0,6497506.0
287,143932,111.0,0.0,110307.61,193747.7,0.0,6778331.970000001
225,143289,28059.0,512.0,1556831.0,-67176.0,-113966.0,6877939.0
404,145228,15331.0,0.0,225754.6,183391.29,0.0,7265412.19
241,143309,11169.0,0.0,157725.0,210675.0,0.0,7635000.0
531,145865,14440.0,129581.0,24512.86,294393.41,-54664.0,8368497.729999999
149,142155,322.0,0.0,214977.04,228822.19,0.0,8598327.17
31,138639,65695.0,0.0,1961478.89,-164216.71,0.0,8639634.219999999
36,138673,124118.0,0.0,127898.13,263834.56,0.0,9074158.27
414,145241,8862.0,0.0,199456.86,315512.89,0.0,11177097.61
232,143299,46779.0,1307.0,1948237.0,-162737.0,155952.0,11243996.0
44,139385,1095.0,0.0,76495.14,346192.62,0.0,11267437.200000001
169,142370,84352.0,15385.0,2856815.0,-261975.0,-33097.0,11313831.0
403,145227,19843.0,0.0,269104.27,325366.78,0.0,11970100.070000002
522,145831,26924.0,0.0,1722642.99,43710.21,0.0,13413517.44
378,145054,1474.0,6031.0,273950.0,394522.62,-22574.0,13764093.22
244,143313,5818.0,345.0,431268.0,382757.0,-39195.0,14218028.0
394,145215,17049.0,0.0,737557.05,295717.22,0.0,14330133.169999998
304,144166,1809.0,0.0,262490.0,437793.0,0.0,15409013.0
511,145802,52893.0,210867.0,639117.85,129998.03,453059.45,16205774.530000001
261,143502,30665.0,17939.0,1234236.0,298017.0,5269.0,17967752.0
434,145322,96868.0,280427.0,1545945.08,1142253.34,-1613339.93,18804690.290000003
405,145230,46145.0,425.0,1368996.71,337227.36,-62155.35,18980384.18
146,142148,10292.0,0.0,441201.84,544782.95,0.0,19976684.33
358,144931,1994245.0,1797148.0,59853999.66,-16434375.81,6517476.14,20309441.889999986
303,144157,5539.0,0.0,293203.0,596150.0,0.0,20533071.0
443,145353,96.0,77599.0,30109.39,60728.8,1096038.61,20726014.900000002
85,139952,126390.0,272370.0,643504.0,1002954.0,-831184.0,21465974.0
506,145790,87852.0,14273.0,1441661.37,434339.78,-95294.25,21936160.520000003
426,145272,6662.0,0.0,495936.42,596980.74,0.0,21977957.880000003
308,144232,18268.0,6960.0,649423.12,700760.1,-210737.71,22686983.869999997
73,139883,34541.0,21577.0,807059.42,600458.28,-80877.14,22888711.240000002
250,143390,53788.0,30143.0,1911821.64,201919.38,225580.0,23477112.259999998
385,145095,101241.0,29172.0,4779379.71,401324.32,-1315272.66,23537076.67
127,141665,10766.0,183217.0,727789.0,1177106.0,-1027527.0,24116850.0
399,145223,11225.0,0.0,960744.87,586323.62,0.0,24901246.31
457,145397,377602.0,70456.0,16565300.38,-3234564.95,577520.93,25503445.02000001
168,142341,13561.0,112.0,598579.0,694470.0,0.0,25718623.0
487,145687,193986.0,22133.0,9016342.55,-107842.07,-1803127.62,29118124.140000004
338,144854,27231.0,11027.0,1360580.0,435467.0,403668.0,29885893.0
431,145312,200.0,27677.0,12681.85,17475.49,1727470.75,29997515.89
66,139767,352.0,195.0,645268.0,817727.0,48511.0,30691100.0
152,142166,6793.0,0.0,939206.06,808134.93,0.0,31626625.25
411,145238,24179.0,0.0,1662154.12,646701.14,0.0,31682814.18
23,138361,10511.0,17819.0,1039096.92,686857.72,224237.16,32378299.48
322,144575,255090.0,144552.0,4301459.0,35724.19,112962.45,33138024.54
519,145827,296844.0,343106.0,8497394.58,618404.6,-2645066.63,33686171.949999996
316,144546,65551.0,29964.0,4663399.0,1015914.0,-1750014.0,34386889.0
253,143456,27269.0,154716.0,918969.0,1778574.0,-1588682.0,34560983.0
220,143281,29203.0,655.0,1368035.0,838286.0,-22779.0,35175868.0
278,143825,161231.0,341662.0,4412954.0,-5042829.0,9527411.61,36528976.370000005
477,145488,409710.0,94918.0,12618511.0,766153.47,-4432594.0,36726236.56999999
301,144144,4317.0,3185.0,690666.0,1034980.0,0.0,36919042.0
410,145237,39475.0,467432.0,2325801.78,3026047.57,-4273050.07,37446235.94
239,143307,59553.0,0.0,2194703.0,746097.0,0.0,38491928.0
515,145814,17260.0,31901.0,2036876.71,1431529.89,-1141023.21,39238168.989999995
494,145700,114458.0,58012.0,3004440.11,1137907.19,-926125.0,40562078.66
504,145787,54591.0,53171.0,1777515.02,487584.04,825281.63,41587498.09
294,144124,11908.0,1943.0,1430778.0,1029129.0,-36.0,41917833.0
254,143460,93058.0,14071.0,3271151.0,865806.0,-307685.0,44507398.0
390,145167,27086.0,6305.0,1988516.54,1157205.95,-289896.82,44864754.29
211,143270,44378.0,0.0,2418853.0,905352.0,0.0,44997883.0
221,143282,35805.0,6190.0,1691901.0,1187533.0,-16225.0,48381005.0
100,140657,82544.0,352835.0,5933937.206,-1713529.97,3553914.02,48834669.712000005
381,145085,2857.0,0.0,90409.74,1557813.7,0.0,48925092.879999995
305,144168,15616.0,741.0,961571.0,1397614.0,0.0,50057031.0
141,142004,3228.0,154215.0,405268.0,208585.0,2498772.0,51782135.0
227,143291,67694.0,5008.0,2892619.0,1231201.0,-309928.0,53146788.0
25,138589,470448.0,468163.0,22703971.0,-3237217.0,-305361.0,53382933.0
224,143288,87919.0,538.0,3317916.0,1018837.0,-74883.0,53536348.0
523,145834,56804.0,290896.0,1894133.6,596881.13,1292326.01,53731792.400000006
118,141216,105901.0,52334.0,5542562.19,84523.22,734961.44,53912499.63
223,143287,105644.0,49242.0,2391736.0,1283796.0,-129272.0,54342204.0
243,143312,33244.0,0.0,2761429.0,1137460.0,0.0,54591263.0
297,144128,7637.0,7581.0,949372.0,1551768.0,0.0,54750412.0
76,139899,25466.0,0.0,878640.0,1592335.0,0.0,55512865.0
79,139910,50553.0,0.0,1183589.31,1537384.84,0.0,55944055.21
199,143083,572020.0,353553.0,8861709.0,-1043395.0,1566499.0,56317201.0
372,145028,555866.0,374972.0,29261207.93,-4708322.25,-89903.73,57342102.349999994
112,141038,234400.0,429542.0,4737947.0,1591756.0,-1352263.0,59521594.0
396,145218,20210.0,0.0,1254457.98,1644663.06,0.0,59765760.72
307,144189,99351.0,86547.0,3437519.88,814327.97,668492.53,60671179.24
313,144520,23018.0,120594.0,486164.46,1059019.73,1443408.15,60770701.4
412,145239,33447.0,0.0,1101471.44,1720000.53,0.0,61030316.51
155,142183,228453.0,0.0,9177753.0,-80996.0,0.0,61733395.0
435,145324,357716.0,201550.0,8218094.63,230274.9,-166538.16,61834035.589999996
246,143315,24048.0,28773.0,1887433.0,1254914.0,646261.0,63100802.0
422,145263,98433.0,314.0,4524839.43,1028056.81,21162.34,63903396.900000006
517,145820,50883.0,6566.0,2366363.09,1602746.25,-114966.92,64295237.739999995
507,145795,15247.0,10003.0,1389389.8,1622203.69,300433.17,65121406.88
16,137347,53021.0,375458.0,2386505.0,35682.0,2820323.0,65757168.0
331,144710,48710.0,103730.0,4597476.0,4811777.0,-6718133.0,67139158.0
384,145091,108034.0,93468.0,1532852.0,1774487.0,175195.0,68717376.0
115,141085,61548.0,91245.0,2086420.0,1500350.0,465627.0,69031449.0
147,142150,43546.0,0.0,1839423.68,1824926.97,0.0,69448701.83
109,140948,129455.0,614770.0,5502579.0,454550.0,1155168.0,72246959.0
110,140958,5867.0,30497.0,1002074.0,468303.0,3003718.0,72595117.0
407,145232,100794.0,0.0,3674807.14,1543008.5,0.0,73556913.48
397,145219,11893.0,0.0,1061181.93,2156886.02,0.0,74291740.13
82,139934,52337.0,11196.0,2904053.0,1303075.0,804796.0,74405228.0
302,144149,63041.0,0.0,2681569.0,1879513.0,0.0,77035886.0
204,143202,2282806.0,598828.0,77192433.74,-13597420.4,-2356689.22,78763287.0399999
346,144892,36196.0,44208.0,1279137.74,2943808.53,-1125261.52,81082582.76999998
235,143302,47345.0,0.0,2404772.0,2081868.0,0.0,81371312.0
292,144113,1155876.0,210844.0,62735361.0,-10916304.0,-1070895.0,82536888.0
234,143301,55501.0,2262.0,2436838.0,2245893.0,-149746.0,84134867.0
424,145267,1855752.0,185480.0,92511106.91,-18138399.28,68046.97,86444169.17999993
310,144427,40064.0,68033.0,2491012.0,3206375.0,-1767200.0,86792309.0
408,145233,45570.0,0.0,2873828.48,2197608.73,0.0,88242669.99
192,142871,359424.0,436267.0,8346793.28,156537.94,1480182.4,88443329.9
312,144516,37045.0,59053.0,2184914.09,2314125.36,528571.04,96017992.47
417,145244,37231.0,0.0,2602983.26,2658704.33,0.0,100640717.05000001
62,139687,30583.0,23206.0,2219667.86,2912248.94,-293318.64,100830975.28
191,142866,1348881.0,1731779.0,57438446.51,-13429318.84,7055751.04,105708009.20999998
184,142695,19103.0,263744.0,1854766.0,3408187.0,-711752.0,106537375.0
255,143472,94081.0,202285.0,3483965.0,3640775.0,-1604361.0,109977643.0
282,143858,630940.0,1517618.0,17827409.0,-3105783.0,4876751.0030000005,111417357.05100001
333,144722,439557.0,20587.0,21906537.0,-2107760.0,1626429.0,115654492.0
521,145829,304972.0,59382.0,4092813.25,3098070.71,-414144.63,117649426.05000001
528,145845,189064.0,624026.0,6817802.85,3404519.29,-1964729.71,119864312.87
233,143300,69063.0,49025.0,2837710.0,2988966.0,472321.0,120551373.0
433,145316,211926.0,180632.0,12710342.0,1438733.0,-735311.0,121072830.0
245,143314,120758.0,2971.0,3358781.0,2979855.0,405231.0,122775899.0
84,139940,35287.0,55190.0,2094326.0,1099657.0,4478227.0,124879508.0
96,140611,215901.0,43139.0,12623709.0,1825501.0,-1158565.0,125260889.0
111,140963,793293.0,816408.0,8230686.0,2213376.0,27685.0,126700103.0
258,143476,47854.0,31453.0,3310644.95,5306302.38,-3569171.62,126993970.89000002
475,145445,183008.0,156276.0,5891951.18,4680612.74,-3364075.44,129153370.72
226,143290,134182.0,10270.0,3136726.0,3559222.0,-166225.0,129467139.0
92,140565,263617.0,242609.0,8688372.0,2627520.0,-752374.0,129481366.0
159,142187,122870.0,0.0,5154985.0,3046204.0,0.0,130517219.0
2,135947,514810.0,623553.0,12577778.91,1716903.71,22846.7,141656861.28
236,143303,77397.0,2380.0,3983204.0,3948940.0,-394254.0,143597250.0
259,143479,118357.0,166084.0,2908060.0,4207213.0,-282556.0,145976571.0
299,144132,44469.0,40411.0,3608645.0,3938467.0,0.0,147352992.0
217,143278,117846.0,9287.0,3749171.0,4064523.0,-25546.0,151810128.0
509,145799,86198.0,397474.0,3776222.99,3410160.0,1343082.51,154980923.60000002
388,145146,78619.0,178184.0,4220736.0,5753591.0,-3077770.0,155584383.0
264,143552,1019070.0,499500.0,38695123.0,-5152221.99,2750572.03,157906703.82
228,143292,80376.0,23547.0,4732170.0,4043577.0,241464.0,162580965.0
20,138226,623708.0,3394.0,35088262.0,-2353555.0,-471751.0,164637862.0
379,145056,139552.0,48369.0,7488246.0,3672370.39,-81016.0,164883932.09
242,143311,54075.0,454.0,4359265.0,4298070.0,143382.0,166192519.0
210,143269,135223.0,0.0,5900435.0,4276754.0,0.0,173882419.0
260,143500,544809.0,244524.0,18804858.0,3622507.0,-3934492.0,177045359.0
377,145053,139552.0,54400.0,7762196.0,4066893.01,-103590.0,178648025.31
391,145172,201756.0,12885473.0,2190348.33,2221781.61,6044963.56,186972048.74
350,144906,116325.0,1002856.0,4544340.0,6863660.0,-3297708.0,188522804.0
166,142275,396688.0,25483.0,32233096.93,194955.1,-2056055.51,196722342.94
28,138618,377613.0,239448.0,10114155.34,4132272.63,72611.26,200133930.32999998
237,143305,50993.0,2486.0,4795113.0,5534568.0,283969.0,209964872.0
380,145081,214706.0,9321.0,8842010.0,5244158.0,-711597.0,212365819.0
95,140602,151336.0,65417.0,10066488.59,4679043.57,-6352.0,215407786.8
207,143266,137808.0,32712.0,12348425.0,4054101.0,325998.0,217658072.0
230,143294,25390.0,0.0,4989769.0,6151610.0,0.0,225628293.0
468,145429,8849.0,135251.0,3125047.07,5290240.82,2477419.02,227988918.25000003
525,145839,138751.0,215339.0,7610460.53,3955632.49,3161909.83,229650298.01
18,137869,15402.0,0.0,3147141.24,6748060.0,0.0,231219848.68
265,143686,194647.0,294566.0,7178809.0,5592708.0,832440.0,237777091.0
429,145279,184612.0,74695.0,9875980.26,5293092.41,464103.71,241107489.6
496,145704,153698.0,0.0,11161902.21,5495158.89,0.0,248483241.06
75,139885,94382.0,289647.0,8478959.06,6385295.65,-263011.36,252825685.45
30,138626,511698.0,473363.0,33439790.0,-71601.0,1261986.0,253312661.0
291,144112,1520464.0,246047.0,105013999.0,-14237092.0,-2312808.0,254430405.0
296,144127,90880.0,2771.0,6428384.0,6818790.0,0.0,256381178.0
415,145242,145701.0,0.0,11900279.69,5956388.28,0.0,267949994.51
335,144724,223233.0,17202.0,14898840.0,4282446.0,1822463.0,268029577.0
72,139882,251219.0,420248.0,16296046.16,6180428.95,-2087928.37,270170838.28000003
27,138615,380335.0,258931.0,20873452.0,2779949.0,2329735.0,271898078.0
490,145690,1020298.0,809561.0,15227446.08,3129303.34,4368115.21,277858484.66999996
497,145705,76939.0,0.0,6049811.83,7678426.35,0.0,280379899.65999997
530,145863,230438.0,176700.0,9641668.97,9791489.44,-5238158.0,281979169.43
179,142484,439258.0,0.0,20626712.98,4456585.0,0.0,282541125.86
336,144803,324884.0,172403.0,10575851.65,6979104.0,-272061.0,285758148.55
176,142469,53205.0,83602.0,3848327.0,7155503.0,2216455.0,286438617.0
81,139933,281509.0,290080.0,5231310.0,5012243.0,5582808.0,286906439.0
479,145494,85075.0,609043.0,3723122.82,7587765.38,1838807.64,292542316.40000004
293,144114,204794.0,8352.0,15986778.0,6134915.0,-558679.0,292592268.0
107,140900,313928.0,226971.0,18514938.0,5160943.0,183981.0,292721476.0
365,144997,45191.0,414772.0,2253463.0,6710761.0,4587941.0,301802829.0
295,144126,294886.0,7695.0,17577518.0,5953640.0,0.0,307605466.0
257,143475,688724.0,48898.0,40993507.36,2738773.24,-3768993.96,307783624.64
526,145840,357045.0,1133817.0,15538874.83,8113929.13,-2920145.77,310661448.75
389,145148,335682.0,430074.0,19113905.0,12275443.0,-11694155.0,315535433.0
510,145800,105258.0,150375.0,9594235.07,8411678.81,-627510.77,317254005.51000005
420,145251,102501.0,0.0,7504537.15,9239034.14,0.0,338941818.39000005
80,139932,333846.0,301276.0,8135363.0,6315318.0,6387604.0,361311667.0
229,143293,122900.0,10179.0,13115026.0,9178691.0,-712662.0,364229349.0
21,138285,126026.0,31034.0,10981664.8,9760768.12,-114263.43,377512987.01
436,145328,247339.0,189426.0,9309343.58,11417706.62,-2139258.77,382746911.18999994
276,143794,255521.0,452760.0,11965745.76,9974580.81,-212388.05,389361628.58
352,144914,78795.0,468211.0,2536672.32,3510581.06,15545279.87,390854476.89
214,143274,176902.0,23198.0,12623716.0,10590786.0,-240775.0,412587203.0
174,142463,278361.0,116813.0,19449141.79,9855840.04,-1382800.26,418167429.34999996
398,145222,197146.0,0.0,14728924.87,10189460.6,0.0,418975752.68999994
256,143474,736578.0,80351.0,44304152.31,8045075.62,-7338165.58,434777595.53
492,145696,1037701.0,1093732.0,19464185.02,7298221.08,5340341.52,453279954.46
12,137266,1180859.0,2665189.0,28191766.43,6545046.13,4026922.8,468696482.64
529,145855,297884.0,586445.0,11360205.38,9680258.57,5753305.59,477415648.36
318,144552,309590.0,114221.0,10232138.1,12904886.1,827921.82,485751106.73999995
323,144580,1019835.0,805213.0,26785971.0,8615923.0,2446555.0,496186845.0
170,142380,847755.0,361056.0,32356285.0,8208131.0,1086662.44,499419317.48
114,141084,254073.0,327712.0,6778143.0,13259755.0,2707326.0,504523948.0
481,145498,143355.0,229779.0,14647542.0,12358456.0,1742413.0,515265951.0
513,145810,336079.0,32615.0,18775352.59,13191678.23,-52010.25,539485319.01
240,143308,312094.0,79474.0,17962901.0,13466857.0,298872.0,548293698.0
116,141088,1857597.0,534916.0,51794337.83,6800593.86,-837227.17,559145912.58
339,144856,310694.0,157000.0,32876127.0,12118953.75,-2204692.42,568340684.11
218,143279,150303.0,20912.0,12092873.0,15394607.0,476778.0,569988154.0
113,141083,315621.0,418957.0,8864563.0,14760105.0,3172953.0,573555397.0
355,144917,195299.0,220770.0,8432217.75,11441513.49,9435152.4,574110033.24
374,145030,2028437.0,1475972.0,84195768.0,-2631957.0,4445556.0,583354161.0
196,143026,1505991.0,1180164.0,15290589.0,15005600.0,1507980.0,597843383.0
425,145268,310475.0,25360.0,27267518.41,13324209.36,-46343.78,603135274.77
364,144995,211299.0,0.0,10300258.0,17928175.0,0.0,627875231.0
520,145828,960435.0,291529.0,22949252.24,16542107.09,-1192747.03,653173385.96
24,138373,137784.0,209708.0,12194137.14,18952235.0,-185240.53,669729155.97
373,145029,402278.0,245781.0,25468167.0,14139955.41,3423752.62,674819581.25
128,141666,135389.0,1323837.0,8127994.0,19606130.08,2464622.51,706584573.1499999
103,140827,308670.0,736432.0,16190299.0,15467101.0,6898728.57,710090609.69
483,145500,1100658.0,1667756.0,60139891.0,18747955.0,-16440582.0,722675948.0
366,144999,408507.0,346823.0,46191354.96,9086214.0,6953209.15,723216674.27
126,141664,146155.0,1507054.0,8855783.0,20783236.08,1437095.51,730701423.1499999
177,142475,692644.0,1169721.0,22059547.0,17980150.0,1209309.0,732359732.0
200,143085,3088102.0,801647.0,64786425.56,8441174.73,1095119.44,733798426.0300001
160,142191,429882.0,66149.0,16307104.01,21801613.0,-2504923.46,747416032.2499999
161,142192,391924.0,38763.0,14462201.01,22382901.0,-2504923.46,752521639.2499999
319,144553,659275.0,349948.0,22853856.76,20705929.36,-325653.6,796324696.28
354,144916,306744.0,244332.0,14145988.49,14549412.82,16049564.6,822896315.05
9,137219,1434483.0,753362.0,75440222.47,14473029.3,-4281455.39,903960723.9599999
7,137008,578453.0,8726.0,39134653.11,21390181.45,98427.31,938711460.9899999
493,145698,941870.0,3304314.0,18997897.59,19027175.55,14407578.76,967756564.1
351,144912,670981.0,51225.0,23348941.57,22545287.09,7207643.02,984876422.12
400,145224,1114024.0,468947.0,65568621.56,21258524.09,-4373570.94,1043643891.73
90,140441,592588.0,2375271.0,35227619.21,8067126.0,33479849.0,1065831673.47
89,140411,2535110.0,2748598.0,96795298.0,13434647.0,1891994.0,1126205041.0
165,142270,869392.0,70270.0,40505389.2,28045214.12,763355.06,1165916398.14
309,144333,590554.0,549573.0,25504454.0,56154919.0,-40972893.0,1222794486.0
482,145499,1244013.0,1897535.0,74787433.0,31106411.0,-14698169.0,1237941899.0
175,142464,1430842.0,1402554.0,45729581.52,29125748.0,2775857.47,1270194835.63
317,144551,968865.0,464169.0,33085994.86,33610815.46,502268.22,1282075803.02
171,142390,334217.0,2172610.0,20299131.47,39045850.4,-2719871.69,1306277463.9599998
83,139938,552202.0,455891.0,32427807.0,25764919.0,21866758.0,1397442024.0
119,141286,543379.0,444759.0,49625516.0,38267701.0,-7350774.0,1408714185.0
187,142835,654579.0,464639.0,37785526.05,25538509.66,25341838.53,1487003736.82
53,139485,412840.0,389074.0,17767827.9,42170520.55,6375531.18,1540044962.4099998
213,143273,778753.0,2514.0,76081688.0,35074237.0,-112613.0,1617958742.0
419,145249,259030.0,1206429.0,37034220.59,59811292.05,-27957138.63,1638118240.97
69,139802,2916902.0,2375943.0,125208363.0,22571331.0,5242634.0,1665294580.0
173,142462,1709203.0,1519367.0,65178723.31,38981588.04,1393057.21,1688362264.98
353,144915,580838.0,933313.0,25114878.57,29501507.38,41029996.88,1787860825.73
17,137594,330905.0,1156811.0,37247106.0,51852280.0,777889.0,1881374535.0
306,144169,365755.0,75880.0,41981511.0,53407230.0,0.0,1949494707.0
508,145796,2699016.0,2140922.0,91702468.24,46689071.22,-6502838.21,1978730235.93
202,143130,2462520.0,1392389.0,125694015.0,29086946.0,15764246.0,2049545613.0
209,143268,720760.0,0.0,65114354.0,63308435.0,0.0,2418361963.0
367,145000,444015.0,1101301.0,94298229.42,53436905.52,11419865.92,2510769397.7000003
130,141722,1471589.0,1880339.0,59732789.29,65621568.01,7790375.69,2584834520.07
371,145027,6478135.0,4030984.0,283480714.0,17399841.0,8947232.0,2675863013.0
129,141675,525833.0,851405.0,43118173.0,64851297.0,24985337.0,2736968147.0
337,144805,1110889.0,496403.0,50025871.0,81745568.0,-4176091.0,2813300158.0
298,144131,497891.0,63293.0,82668892.0,73421679.0,0.0,2854754293.0
201,143128,7358067.0,3947887.0,324961807.8,-26380560.05,98215060.29,3126591317.9799995
180,142613,1553522.0,2089156.0,79260623.26,79246388.6,10801181.83,3195082500.53
368,145003,852522.0,1448124.0,140489584.4,62523119.52,18373075.07,3233986072.11
132,141771,3442073.0,1307376.0,213455181.3,68541368.02,-3209903.85,3564400312.2700005
476,145474,6595736.0,1960188.0,222501830.0,67566338.0,15759734.0,3919984766.0
421,145259,276880.0,5018461.0,16252850.81,46990938.25,214603533.8,5218749116.02
300,144133,1404359.0,258647.0,159534599.0,151466753.0,177380.0,5815226996.0
375,145031,11485974.0,8594675.0,636679179.0,38571557.86,11386899.21,5846049833.23
98,140652,6984408.0,2367193.0,282181733.0,181516599.0,19826490.0,7939337030.0
215,143275,4159144.0,402828.0,288516118.0,200366179.0,-1212493.0,8210351994.0
370,145026,20950690.0,14722384.0,1059085036.0,62771075.02,28113536.1,9837428691.320002
533,145888,6204216.0,2084681.0,203599485.0,334055030.0,8102147.0,11918638824.0
