TotalProfitPMM,DifferenceInIRAPMM
#DIV/0!,#DIV/0!
101.8952336,0
#DIV/0!,#DIV/0!
#DIV/0!,#DIV/0!
-81.87579237,-43.12593242
#DIV/0!,#DIV/0!
-99.55,0
20.09334017,344.7154736
#DIV/0!,#DIV/0!
3.055555556,0
#DIV/0!,#DIV/0!
1.181375031,-8.266791643
#DIV/0!,#DIV/0!
19.50363783,0
120.8455771,0
15.04573171,-8.601041009
#DIV/0!,#DIV/0!
#DIV/0!,#DIV/0!
#DIV/0!,#DIV/0!
13.54545455,#DIV/0!
181.0416667,0
#DIV/0!,#DIV/0!
#DIV/0!,#DIV/0!
4.931666667,0
-75.79166667,0
10.70833333,0
#DIV/0!,#DIV/0!
#DIV/0!,#DIV/0!
191.9519569,0
#DIV/0!,#DIV/0!
4.138888889,0
#DIV/0!,#DIV/0!
-183.078672,263.5446077
#DIV/0!,#DIV/0!
-105.9190679,-105.7281579
16.48303957,0
#DIV/0!,#DIV/0!
#DIV/0!,#DIV/0!
#DIV/0!,#DIV/0!
#DIV/0!,#DIV/0!
61.30748791,6.720835025
568.8494118,#DIV/0!
#DIV/0!,#DIV/0!
#DIV/0!,#DIV/0!
2.491333257,-28.50793344
-359.52,0
#DIV/0!,#DIV/0!
-0.884883276,0
#DIV/0!,#DIV/0!
#DIV/0!,#DIV/0!
-58.31343284,0
-1.711218681,42.21026939
-62.52254381,0
#DIV/0!,#DIV/0!
231.4749962,0
#DIV/0!,#DIV/0!
#DIV/0!,#DIV/0!
91.71659919,0
#DIV/0!,#DIV/0!
-5.422094508,0
#DIV/0!,#DIV/0!
3.3039906,-6.752227123
-633.053203,82.28844501
#DIV/0!,#DIV/0!
230.4775384,257.650964
#DIV/0!,#DIV/0!
0.963541667,0
-51.3148474,0
#DIV/0!,#DIV/0!
287.6544118,0
-16.17023557,3.144795715
67.3325,#DIV/0!
0,#DIV/0!
#DIV/0!,#DIV/0!
#DIV/0!,#DIV/0!
-314.9270249,0
#DIV/0!,#DIV/0!
-110.6877193,0
-7.832755057,-22.69833882
-747.7785199,0
#DIV/0!,#DIV/0!
#DIV/0!,#DIV/0!
#DIV/0!,#DIV/0!
#DIV/0!,#DIV/0!
#DIV/0!,#DIV/0!
#DIV/0!,#DIV/0!
#DIV/0!,#DIV/0!
6.87536036,0
#DIV/0!,#DIV/0!
#DIV/0!,#DIV/0!
#DIV/0!,#DIV/0!
#DIV/0!,#DIV/0!
#DIV/0!,#DIV/0!
#DIV/0!,#DIV/0!
#DIV/0!,#DIV/0!
#DIV/0!,#DIV/0!
268.699006,0
-27.76315156,0
#DIV/0!,#DIV/0!
132.8585515,0
-530.4006276,0
#DIV/0!,#DIV/0!
#DIV/0!,#DIV/0!
#DIV/0!,#DIV/0!
-475.0514481,0
#DIV/0!,#DIV/0!
#DIV/0!,#DIV/0!
#DIV/0!,#DIV/0!
#DIV/0!,#DIV/0!
#DIV/0!,#DIV/0!
35.3275,0
6068,#DIV/0!
#DIV/0!,#DIV/0!
#DIV/0!,#DIV/0!
#DIV/0!,#DIV/0!
#DIV/0!,#DIV/0!
#DIV/0!,#DIV/0!
4.625,0
0.632234144,0
373,0
1456.466667,#DIV/0!
#DIV/0!,#DIV/0!
#DIV/0!,#DIV/0!
-242.3950039,0
104.5236203,#DIV/0!
#DIV/0!,#DIV/0!
2.285537701,0
-1531.547752,-122.0761852
44.26958749,#DIV/0!
#DIV/0!,#DIV/0!
14.08118081,0
-37.04010727,-35.96058175
#DIV/0!,#DIV/0!
-71.5680064,40.03938941
#DIV/0!,#DIV/0!
#DIV/0!,#DIV/0!
5.514492754,0
#DIV/0!,#DIV/0!
#DIV/0!,#DIV/0!
1.179841071,0
-91.88532927,24.85425433
#DIV/0!,#DIV/0!
-101.415829,0
-157.3426986,33.78571429
#DIV/0!,#DIV/0!
-78.53551886,-8.463721896
#DIV/0!,#DIV/0!
16.94749043,-15.47167064
8.913411102,0
#DIV/0!,#DIV/0!
#DIV/0!,#DIV/0!
0,#DIV/0!
80.43894737,0
-6.713161788,40.20901235
-0.134551495,0
2.257122507,0
33.91344718,0
56.07741122,0
#DIV/0!,#DIV/0!
#DIV/0!,#DIV/0!
#DIV/0!,#DIV/0!
#DIV/0!,#DIV/0!
2.639556277,0
171.6612466,0
#DIV/0!,#DIV/0!
281.1282051,#DIV/0!
5.003445108,0
23.7244898,#DIV/0!
#DIV/0!,#DIV/0!
-2.708267448,-22.73992559
28.5213,0
#DIV/0!,#DIV/0!
#DIV/0!,#DIV/0!
1.02238806,0
728.8333333,0
#DIV/0!,#DIV/0!
#DIV/0!,#DIV/0!
#DIV/0!,#DIV/0!
#DIV/0!,#DIV/0!
#DIV/0!,#DIV/0!
#DIV/0!,#DIV/0!
#DIV/0!,#DIV/0!
#DIV/0!,#DIV/0!
#DIV/0!,#DIV/0!
105.8889803,0
63.09090909,#DIV/0!
#DIV/0!,#DIV/0!
#DIV/0!,#DIV/0!
#DIV/0!,#DIV/0!
1.186488041,-31.19150633
3.065238494,0
#DIV/0!,#DIV/0!
#DIV/0!,#DIV/0!
#DIV/0!,#DIV/0!
4.881481755,-14.19035558
#DIV/0!,#DIV/0!
#DIV/0!,#DIV/0!
27.26622524,49.26020515
#DIV/0!,#DIV/0!
#DIV/0!,#DIV/0!
-24.59109944,-18.19774539
#DIV/0!,#DIV/0!
#DIV/0!,#DIV/0!
2179,#DIV/0!
#DIV/0!,#DIV/0!
-129.0444646,0
-730.0495022,0
#DIV/0!,#DIV/0!
41.82163493,8.804455397
#DIV/0!,#DIV/0!
#DIV/0!,#DIV/0!
18.94093373,0
3.459227116,0
-50.00099606,0
444.5833333,0
#DIV/0!,#DIV/0!
-85.2989648,-44.61183577
1768.846154,0
#DIV/0!,#DIV/0!
#DIV/0!,#DIV/0!
-427.152012,4.45623752
2.213879937,0
#DIV/0!,#DIV/0!
-184.1162789,96.47872996
#DIV/0!,#DIV/0!
#DIV/0!,#DIV/0!
-267.7720018,0
3189.852102,#DIV/0!
33.78374558,#DIV/0!
#DIV/0!,#DIV/0!
30.31699951,-66.83511865
#DIV/0!,#DIV/0!
#DIV/0!,#DIV/0!
#DIV/0!,#DIV/0!
#DIV/0!,#DIV/0!
2.479686237,-26.57233185
12.42610227,0
#DIV/0!,#DIV/0!
#DIV/0!,#DIV/0!
#DIV/0!,#DIV/0!
#DIV/0!,#DIV/0!
2.543806247,0
#DIV/0!,#DIV/0!
#DIV/0!,#DIV/0!
#DIV/0!,#DIV/0!
#DIV/0!,#DIV/0!
#DIV/0!,#DIV/0!
131.7547885,0
-39.12087349,0
#DIV/0!,#DIV/0!
-240.5129843,54.12104098
2.622394074,29.47263559
-134.8851135,38.89876433
2.412601396,0
#DIV/0!,#DIV/0!
#DIV/0!,#DIV/0!
70.30992381,0
-95.04056231,0
#DIV/0!,#DIV/0!
#DIV/0!,#DIV/0!
122.0958545,0
-18.40505333,0
-101.0838788,0
42.80118055,-11.3497518
#DIV/0!,#DIV/0!
#DIV/0!,#DIV/0!
11.59775641,0
86.44444444,0
#DIV/0!,#DIV/0!
-15.92118433,-0.285760938
3.166666667,#DIV/0!
#DIV/0!,#DIV/0!
#DIV/0!,#DIV/0!
-5.510072822,16.44276143
421.6666667,#DIV/0!
#DIV/0!,#DIV/0!
57.40935087,3.949868477
-54.00850149,188.6877441
2.25,0
-41.06222222,0
#DIV/0!,#DIV/0!
#DIV/0!,#DIV/0!
-7.001526328,-18.08660764
4.61558669,0
-24.44736842,0
#DIV/0!,#DIV/0!
#DIV/0!,#DIV/0!
117.2100288,0
#DIV/0!,#DIV/0!
-25.74440645,-14.118453
-100.8008829,-66.07441137
-7.816810326,56.45350042
#DIV/0!,#DIV/0!
#DIV/0!,#DIV/0!
-643.0062354,-222.6009994
17.3285766,0
#DIV/0!,#DIV/0!
#DIV/0!,#DIV/0!
#DIV/0!,#DIV/0!
#DIV/0!,#DIV/0!
#DIV/0!,#DIV/0!
-69.77802634,-7.899147501
125.7443327,0
#DIV/0!,#DIV/0!
#DIV/0!,#DIV/0!
7.379155802,-36.13554764
-1431.078542,0
#DIV/0!,#DIV/0!
#DIV/0!,#DIV/0!
#DIV/0!,#DIV/0!
#DIV/0!,#DIV/0!
#DIV/0!,#DIV/0!
#DIV/0!,#DIV/0!
-178.5457377,136.5973988
15.86257102,0
#DIV/0!,#DIV/0!
238.1533714,0
#DIV/0!,#DIV/0!
1.725653892,0
#DIV/0!,#DIV/0!
-41.35945019,6.637654603
#DIV/0!,#DIV/0!
48.24685527,-42.17301531
149.4174782,0
-27.47279533,14.87440128
16.7726834,0
45.1678413,43.50369032
27.42946844,#DIV/0!
#DIV/0!,#DIV/0!
#DIV/0!,#DIV/0!
83.86152838,146.3566424
48.01607483,10.27238753
#DIV/0!,#DIV/0!
#DIV/0!,#DIV/0!
-522.9807692,-364.0269577
58.0600703,0
9.107422835,-0.957110656
#DIV/0!,#DIV/0!
#DIV/0!,#DIV/0!
0,#DIV/0!
-96.27,0
-0.327232764,-48.90713694
0.995512714,0
-11.58519682,17.78798074
-524.3902439,0
144.325,0
#DIV/0!,#DIV/0!
#DIV/0!,#DIV/0!
#DIV/0!,#DIV/0!
#DIV/0!,#DIV/0!
#DIV/0!,#DIV/0!
-24.00637931,-84.74831714
1151,#DIV/0!
265.5345061,0
-26.2963247,15.82227925
#DIV/0!,#DIV/0!
51.55,0
13.75257732,0
-140.8743394,-3.377717617
#DIV/0!,#DIV/0!
-509.5592327,0
21.67355254,-35.05354966
4.334397788,0
#DIV/0!,#DIV/0!
#DIV/0!,#DIV/0!
#DIV/0!,#DIV/0!
-0.983632223,0
0,0
-4800.75,0
-1663.387807,0
#DIV/0!,#DIV/0!
-81.95610201,-22.08533477
-139.4864985,0
#DIV/0!,#DIV/0!
-7288.474237,#DIV/0!
11.59263336,-31.88817725
#DIV/0!,#DIV/0!
#DIV/0!,#DIV/0!
#DIV/0!,#DIV/0!
15.59557662,0
#DIV/0!,#DIV/0!
803.0353043,0
#DIV/0!,#DIV/0!
125.2447541,#DIV/0!
1.740029542,0
53.19615385,10.45377465
#DIV/0!,#DIV/0!
#DIV/0!,#DIV/0!
1.865134595,0
#DIV/0!,#DIV/0!
#DIV/0!,#DIV/0!
134.3033708,#DIV/0!
1.483974359,0
-204.2183908,0
#DIV/0!,#DIV/0!
120.0029665,0
5.905555556,0
#DIV/0!,#DIV/0!
-16.92550145,-828.6180356
#DIV/0!,#DIV/0!
241,0
#DIV/0!,#DIV/0!
19.62836872,0
#DIV/0!,#DIV/0!
-498.98916,0
#DIV/0!,#DIV/0!
2.708333333,0
#DIV/0!,#DIV/0!
3.023610974,-5.497843809
#DIV/0!,#DIV/0!
#DIV/0!,#DIV/0!
20.13620885,0
#DIV/0!,#DIV/0!
1731,0
69.45100898,0
192.4259664,0
39.75,0
#DIV/0!,#DIV/0!
#DIV/0!,#DIV/0!
#DIV/0!,#DIV/0!
20.306791,0
9.158333333,0
#DIV/0!,#DIV/0!
10.2514584,0
-75.38626882,-38.12764977
131.8405742,0
#DIV/0!,#DIV/0!
#DIV/0!,#DIV/0!
#DIV/0!,#DIV/0!
1.364197531,0
53.75565394,0
#DIV/0!,#DIV/0!
#DIV/0!,#DIV/0!
15.16666667,0
96.31318182,0
-7.222180851,0
#DIV/0!,#DIV/0!
118.1293473,0
310.871134,0
#DIV/0!,#DIV/0!
0.591880342,0
#DIV/0!,#DIV/0!
67.64550618,#DIV/0!
#DIV/0!,#DIV/0!
-308.2597917,0
69.00294118,0
0.176507937,0
-156.037862,0
-35.41104011,-26.90127317
-135.2961667,0
18.01041931,0
35.84859876,10.22214547
#DIV/0!,#DIV/0!
#DIV/0!,#DIV/0!
826.0555556,#DIV/0!
-34.32889334,-49.03296796
-48.973,0
-147.7472231,16.42265032
#DIV/0!,#DIV/0!
#DIV/0!,#DIV/0!
-56.37360061,12.03680215
-30.91275862,6.686267697
-1102.655529,#DIV/0!
-4356.735802,#DIV/0!
75.59800987,-682.6422222
136.0362393,0
#DIV/0!,#DIV/0!
#DIV/0!,#DIV/0!
-8.103805467,124.7779627
-3254.083333,0
#DIV/0!,#DIV/0!
#DIV/0!,#DIV/0!
20.68517834,0
#DIV/0!,#DIV/0!
35.18265781,0
#DIV/0!,#DIV/0!
869.7732342,0
289.3807987,0
84.91511136,0
#DIV/0!,#DIV/0!
-296.2926829,0
#DIV/0!,#DIV/0!
6.479013098,0
#DIV/0!,#DIV/0!
0,#DIV/0!
-206.390625,0
#DIV/0!,#DIV/0!
75.80052617,0
332.49,0
-428.8239067,71.03557558
641.6196651,15.39892655
#DIV/0!,#DIV/0!
-35.29691167,0
-9.638571429,0
#DIV/0!,#DIV/0!
72.50335,0
26.43091733,-12.5504442
#DIV/0!,#DIV/0!
107.3597508,0
#DIV/0!,#DIV/0!
#DIV/0!,#DIV/0!
81.82993103,0
#DIV/0!,#DIV/0!
-171.2,0
-254.0569119,0
#DIV/0!,#DIV/0!
#DIV/0!,#DIV/0!
8.105640978,-5.6801318
#DIV/0!,#DIV/0!
#DIV/0!,#DIV/0!
#DIV/0!,#DIV/0!
452.25,0
133.2666379,0
13.35791246,0
#DIV/0!,#DIV/0!
#DIV/0!,#DIV/0!
#DIV/0!,#DIV/0!
#DIV/0!,#DIV/0!
-18.71190476,0
82.08950184,-8.983573378
76.42307692,0
#DIV/0!,#DIV/0!
1.24691358,0
#DIV/0!,#DIV/0!
-25.06763332,4.874722222
89.4580377,-13.79521579
#DIV/0!,#DIV/0!
#DIV/0!,#DIV/0!
-59.50305203,-8.94511869
81.78205128,0
#DIV/0!,#DIV/0!
#DIV/0!,#DIV/0!
#DIV/0!,#DIV/0!
17.50299074,-1.343671998
#DIV/0!,#DIV/0!
#DIV/0!,#DIV/0!
111.5301495,0
229.4351148,0
#DIV/0!,#DIV/0!
4.646433991,0
#DIV/0!,#DIV/0!
#DIV/0!,#DIV/0!
208.2134524,0
59.85006088,0
-56.37355104,-31.13362116
-61.91137487,90.42324069
#DIV/0!,#DIV/0!
#DIV/0!,#DIV/0!
-7.060606061,0
17.0576232,0
#DIV/0!,#DIV/0!
-733.1868263,0
-3058.361829,0
1.163636364,0
325.2352941,0
#DIV/0!,#DIV/0!
-305.052963,-2.075185185
#DIV/0!,#DIV/0!
1.116712548,0
#DIV/0!,#DIV/0!
#DIV/0!,#DIV/0!
#DIV/0!,#DIV/0!
#DIV/0!,#DIV/0!
#DIV/0!,#DIV/0!
1.275076065,0
74.25,0
#DIV/0!,#DIV/0!
#DIV/0!,#DIV/0!
#DIV/0!,#DIV/0!
#DIV/0!,#DIV/0!
#DIV/0!,#DIV/0!
-44.5036701,0
#DIV/0!,#DIV/0!
-102.633544,-67.16698877
#DIV/0!,#DIV/0!
34.97938168,-8.666536615
#DIV/0!,#DIV/0!
#DIV/0!,#DIV/0!
-150.6556644,#DIV/0!
#DIV/0!,#DIV/0!
#DIV/0!,#DIV/0!
52.21750511,-22.73135835
-39.90727073,10.09777108
-97.79788839,0
-123.0314136,-248.8201609
35.46688889,0
#DIV/0!,#DIV/0!
33.25,0
#DIV/0!,#DIV/0!
#DIV/0!,#DIV/0!
90.46153407,6.644998566
340.7115385,0
#DIV/0!,#DIV/0!
39.85714627,95.38923021
-4.506531437,-22.43130772
#DIV/0!,#DIV/0!
#DIV/0!,#DIV/0!
#DIV/0!,#DIV/0!
168.7673925,0
#DIV/0!,#DIV/0!
97.16434109,0
0.17684944,-3.80774196
#DIV/0!,#DIV/0!
-8.153601526,0.812281441
11079.55727,#DIV/0!
#DIV/0!,#DIV/0!
81.61721144,-0.923877823
#DIV/0!,#DIV/0!
116.6592386,0
#DIV/0!,#DIV/0!
#DIV/0!,#DIV/0!
#DIV/0!,#DIV/0!
#DIV/0!,#DIV/0!
2.414907807,0
#DIV/0!,#DIV/0!
#DIV/0!,#DIV/0!
-151.746276,0
#DIV/0!,#DIV/0!
#DIV/0!,#DIV/0!
#DIV/0!,#DIV/0!
-89.28642857,0
11.79535626,-14.43688297
#DIV/0!,#DIV/0!
-669.1558065,0
#DIV/0!,#DIV/0!
#DIV/0!,#DIV/0!
#DIV/0!,#DIV/0!
#DIV/0!,#DIV/0!
#DIV/0!,#DIV/0!
#DIV/0!,#DIV/0!
#DIV/0!,#DIV/0!
#DIV/0!,#DIV/0!
0,0
15.41666667,0
1.112919634,0
-6.37666606,3.989327715
#DIV/0!,#DIV/0!
#DIV/0!,#DIV/0!
27.15445387,-29.93678766
#DIV/0!,#DIV/0!
-132.142974,-23.02537304
-13.09929863,7.04680088
38.34682636,-16.9503843
#DIV/0!,#DIV/0!
#DIV/0!,#DIV/0!
450.8756527,-29.75375291
#DIV/0!,#DIV/0!
-2.77189484,0
#DIV/0!,#DIV/0!
37.52554914,68.74541349
-125.4086111,0
#DIV/0!,#DIV/0!
#DIV/0!,#DIV/0!
#DIV/0!,#DIV/0!
0.147907253,-8.292710176
-46.52116345,70.35800561
#DIV/0!,#DIV/0!
#DIV/0!,#DIV/0!
0.977777778,0
#DIV/0!,#DIV/0!
#DIV/0!,#DIV/0!
-30.95906736,0
13.62787906,0
#DIV/0!,#DIV/0!
61.069575,0
-161.375,0
-10.15108835,0
-2.484320024,-51.55983135
#DIV/0!,#DIV/0!
#DIV/0!,#DIV/0!
183.9025,0
-31.63582134,-40.89130612
#DIV/0!,#DIV/0!
#DIV/0!,#DIV/0!
#DIV/0!,#DIV/0!
#DIV/0!,#DIV/0!
-25.04710145,0
-249.7783505,0
#DIV/0!,#DIV/0!
-10.18898864,0
#DIV/0!,#DIV/0!
5758,#DIV/0!
-380.8918919,-96.76006803
#DIV/0!,#DIV/0!
-13.84413807,-12.70817021
#DIV/0!,#DIV/0!
#DIV/0!,#DIV/0!
-126.1314925,0
-13.63530398,0
124.5,0
-10.08800091,-1.035734972
#DIV/0!,#DIV/0!
72.4094255,0
#DIV/0!,#DIV/0!
-87.22156785,44.40028274
#DIV/0!,#DIV/0!
-85.77719261,41.44015444
#DIV/0!,#DIV/0!
#DIV/0!,#DIV/0!
-46.27348141,-16.56176637
#DIV/0!,#DIV/0!
200.3628677,-49.63211651
-84.41031941,0
-37.46726432,0.483094181
#DIV/0!,#DIV/0!
#DIV/0!,#DIV/0!
54.86639799,27.60072554
3.392857143,#DIV/0!
0,#DIV/0!
-7.625921128,3.486544607
#DIV/0!,#DIV/0!
33.69751678,0
71.16109424,-42.88381023
38.36635768,-6.452164782
#DIV/0!,#DIV/0!
#DIV/0!,#DIV/0!
-252.6116881,4.076342221
1.729151731,45.77774792
#DIV/0!,#DIV/0!
#DIV/0!,#DIV/0!
#DIV/0!,#DIV/0!
84.62337033,0
7.938647612,0
-27.45353152,8.248082167
-26.97583333,0
31.60125142,5.631511096
#DIV/0!,#DIV/0!
13.91666667,0
#DIV/0!,#DIV/0!
-404.137931,0
#DIV/0!,#DIV/0!
87.027079,0
164.5325203,0
237.4427591,93.58544659
#DIV/0!,#DIV/0!
-202.1642878,0
36.18678317,0
1.129591837,0
#DIV/0!,#DIV/0!
-44.24790705,-20.81879877
214.125,0
#DIV/0!,#DIV/0!
-1.29343882,-11.45026931
2891,-239.7451934
#DIV/0!,#DIV/0!
#DIV/0!,#DIV/0!
100.4593333,#DIV/0!
#DIV/0!,#DIV/0!
4.71237733,0
443.5,#DIV/0!
#DIV/0!,#DIV/0!
-843.5,0
#DIV/0!,#DIV/0!
#DIV/0!,#DIV/0!
#DIV/0!,#DIV/0!
#DIV/0!,#DIV/0!
380.0037345,#DIV/0!
-40.90474874,-4.474432191
138.1282692,0
#DIV/0!,#DIV/0!
-177.6016219,83.30714082
-31.35524924,-5.205414294
#DIV/0!,#DIV/0!
#DIV/0!,#DIV/0!
#DIV/0!,#DIV/0!
288.3022538,0
16.34237245,-6.435395068
41.52897941,32.01859653
#DIV/0!,#DIV/0!
-65.95261323,0.284819287
#DIV/0!,#DIV/0!
43.3286119,0
-653.9835466,0
#DIV/0!,#DIV/0!
#DIV/0!,#DIV/0!
45.57043569,0
#DIV/0!,#DIV/0!
20.45035107,-35.08135626
#DIV/0!,#DIV/0!
-4.068894252,42.80074703
143.0410345,-96.21226139
-11.67946087,0
#DIV/0!,#DIV/0!
#DIV/0!,#DIV/0!
#DIV/0!,#DIV/0!
#DIV/0!,#DIV/0!
3.666666667,0
-10.72907154,0
123,0
-1.064270663,29.26468172
#DIV/0!,#DIV/0!
#DIV/0!,#DIV/0!
121.2200628,0
#DIV/0!,#DIV/0!
#DIV/0!,#DIV/0!
#DIV/0!,#DIV/0!
#DIV/0!,#DIV/0!
#DIV/0!,#DIV/0!
239.2469547,-68.89677778
#DIV/0!,#DIV/0!
-5.649753814,0
#DIV/0!,#DIV/0!
167.8516444,0
232.7388,0
-70.68593309,-7.124546072
#DIV/0!,#DIV/0!
-140.8784798,-2.581093567
4.114864865,0
-146.5988268,#DIV/0!
129.024213,0
-45.40847716,-2.778240235
-45.14285714,0
17.19625604,0
-62.89051724,#DIV/0!
#DIV/0!,#DIV/0!
#DIV/0!,#DIV/0!
#DIV/0!,#DIV/0!
-48.76713808,-45.25994549
33.44897046,0
#DIV/0!,#DIV/0!
16.8688471,0
-408.4444444,0
-24.44929577,0
#DIV/0!,#DIV/0!
-36.94529779,107.3801243
-508.24415,0
-741.1388889,#DIV/0!
#DIV/0!,#DIV/0!
183.7767,0
27.48,0
19211.34634,#DIV/0!
#DIV/0!,#DIV/0!
#DIV/0!,#DIV/0!
#DIV/0!,#DIV/0!
-186.0441176,0
109.9737991,0
#DIV/0!,#DIV/0!
306.7067272,0
#DIV/0!,#DIV/0!
#DIV/0!,#DIV/0!
#DIV/0!,#DIV/0!
#DIV/0!,#DIV/0!
14.67291699,-32.71836952
#DIV/0!,#DIV/0!
#DIV/0!,#DIV/0!
-8.938412461,-1.703006341
-124.7500286,0
#DIV/0!,#DIV/0!
#DIV/0!,#DIV/0!
106.356724,-71.44175772
#DIV/0!,#DIV/0!
#DIV/0!,#DIV/0!
71.5649673,-46.39173865
-33.55578551,-4.640572748
19.70409377,0
#DIV/0!,#DIV/0!
#DIV/0!,#DIV/0!
#DIV/0!,#DIV/0!
9.143483073,1.741293849
#DIV/0!,#DIV/0!
#DIV/0!,#DIV/0!
2.435183669,0
567.942029,#DIV/0!
#DIV/0!,#DIV/0!
#DIV/0!,#DIV/0!
19.30694444,0
191.0561163,0
#DIV/0!,#DIV/0!
45.18214411,0
#DIV/0!,#DIV/0!
-294.5150474,33.48762487
8.583333333,0
-125,0
#DIV/0!,#DIV/0!
239.21,0
294.9166667,0
323.4590541,0
#DIV/0!,#DIV/0!
#DIV/0!,#DIV/0!
71.10044526,-29.8452793
#DIV/0!,#DIV/0!
#DIV/0!,#DIV/0!
#DIV/0!,#DIV/0!
#DIV/0!,#DIV/0!
#DIV/0!,#DIV/0!
#DIV/0!,#DIV/0!
#DIV/0!,#DIV/0!
-15.24306071,-1.10193871
#DIV/0!,#DIV/0!
27.82756892,0
#DIV/0!,#DIV/0!
20.21771502,0
#DIV/0!,#DIV/0!
18.30401761,0
#DIV/0!,#DIV/0!
1.329896907,0
203.1842105,0
#DIV/0!,#DIV/0!
#DIV/0!,#DIV/0!
#DIV/0!,#DIV/0!
8.169898375,63.62104293
1,0
163.4756497,#DIV/0!
-17.53795329,20.676238
#DIV/0!,#DIV/0!
#DIV/0!,#DIV/0!
-50.77379163,45.33313176
21.66666667,#DIV/0!
#DIV/0!,#DIV/0!
179.8201389,0
46.35902778,0
14.62348571,0
#DIV/0!,#DIV/0!
#DIV/0!,#DIV/0!
-161.4748148,0
242.8690476,0
#DIV/0!,#DIV/0!
-22.19840595,11.82050448
#DIV/0!,#DIV/0!
13.32940546,18.77066226
#DIV/0!,#DIV/0!
4.343859649,#DIV/0!
#DIV/0!,#DIV/0!
6.496712864,0
#DIV/0!,#DIV/0!
9.003556275,-46.77900919
#DIV/0!,#DIV/0!
#DIV/0!,#DIV/0!
1.291666667,0
43.31594444,0
#DIV/0!,#DIV/0!
69.40539838,-4.194769485
230.8242857,46.25003996
#DIV/0!,#DIV/0!
#DIV/0!,#DIV/0!
#DIV/0!,#DIV/0!
8.900758822,113.6985142
836.5703226,0
#DIV/0!,#DIV/0!
#DIV/0!,#DIV/0!
#DIV/0!,#DIV/0!
-467.9868781,-26.35200672
-344.5134375,0
#DIV/0!,#DIV/0!
104.065562,0
-1670.025934,0
#DIV/0!,#DIV/0!
#DIV/0!,#DIV/0!
188.7872892,0
-22.63458333,#DIV/0!
11.36925,0
12.60611029,15.15275569
-112.4177594,1.822008531
213.3333333,0
#DIV/0!,#DIV/0!
-69.55470944,0
10.94277567,5.313073472
#DIV/0!,#DIV/0!
-365.9005682,0
3.788915889,13.81054269
#DIV/0!,#DIV/0!
#DIV/0!,#DIV/0!
#DIV/0!,#DIV/0!
#DIV/0!,#DIV/0!
87.4044617,0
-1899.932561,0
-48.18272171,0
19.26931698,-16.83075412
#DIV/0!,#DIV/0!
-13.11993213,-19.49693399
#DIV/0!,#DIV/0!
#DIV/0!,#DIV/0!
-389.1492868,0
#DIV/0!,#DIV/0!
-1352.479634,#DIV/0!
#DIV/0!,#DIV/0!
54.16666667,0
-862.1470833,0
#DIV/0!,#DIV/0!
-128.7068063,0
5.738218693,-71.59156154
-2.373938574,150.0552941
0,#DIV/0!
-37.16074104,45.34594352
8.990961183,92.41663313
9.458333333,0
150.915443,0
#DIV/0!,#DIV/0!
-1038.776771,133.3300822
#DIV/0!,#DIV/0!
-1.765522568,-39.33060007
-11478,#DIV/0!
#DIV/0!,#DIV/0!
#DIV/0!,#DIV/0!
282.0181269,0
41.68075035,79.92574061
53.82443828,-50.88257952
205.1256983,#DIV/0!
#DIV/0!,#DIV/0!
38.97468154,27.52207385
-538.8536585,0
4.101832712,2.499683538
-45.67021277,0
-780.9883654,-48.84219158
66.48657587,0
283.0458428,#DIV/0!
119.2899236,0
0.214325801,87.39230147
#DIV/0!,#DIV/0!
#DIV/0!,#DIV/0!
318.5865734,0
#DIV/0!,#DIV/0!
-4553.558442,-740.7287608
67.34251337,0
4.491273517,75.24195056
#DIV/0!,#DIV/0!
#DIV/0!,#DIV/0!
#DIV/0!,#DIV/0!
#DIV/0!,#DIV/0!
220.9193526,0
104.3738778,0
195.4990792,0
4.0666585,-102.330518
#DIV/0!,#DIV/0!
29.41805939,0
#DIV/0!,#DIV/0!
#DIV/0!,#DIV/0!
#DIV/0!,#DIV/0!
13.47931623,-16.39705589
222.221519,0
#DIV/0!,#DIV/0!
-427.5909091,0
-28.89643879,0
-3208.565421,0
57.06708333,0
#DIV/0!,#DIV/0!
-81.72093023,0
-10.58835475,-3.918289581
#DIV/0!,#DIV/0!
#DIV/0!,#DIV/0!
#DIV/0!,#DIV/0!
#DIV/0!,#DIV/0!
13.66465588,0
-179.7234848,0
#DIV/0!,#DIV/0!
#DIV/0!,#DIV/0!
#DIV/0!,#DIV/0!
27626.23263,-78.27694985
18.55499497,-2.125675245
-127.510721,167.2974485
2887.5,#DIV/0!
#DIV/0!,#DIV/0!
#DIV/0!,#DIV/0!
111.1283508,0
#DIV/0!,#DIV/0!
-2481.593407,0
#DIV/0!,#DIV/0!
-75.5396081,0
#DIV/0!,#DIV/0!
#DIV/0!,#DIV/0!
#DIV/0!,#DIV/0!
122.9894203,0
#DIV/0!,#DIV/0!
#DIV/0!,#DIV/0!
46.64795164,-126.6213855
12.48285073,-23.98221564
0.560786188,0
#DIV/0!,#DIV/0!
1352.037692,0
173.2533435,0
-22.74588939,0
#DIV/0!,#DIV/0!
90.95833333,0
-37.27136353,0
66.63861709,#DIV/0!
-138.9952381,678.7308333
#DIV/0!,#DIV/0!
#DIV/0!,#DIV/0!
84.9,0
#DIV/0!,#DIV/0!
-306.0660548,0
102.4929167,0
-84.67967533,8.095895173
128.2337087,27.30793207
-1012.393943,0
#DIV/0!,#DIV/0!
0,#DIV/0!
#DIV/0!,#DIV/0!
-5.490411034,0
326.0258621,0
#DIV/0!,#DIV/0!
#DIV/0!,#DIV/0!
352.9946709,0
#DIV/0!,#DIV/0!
64.41628276,46.59127975
#DIV/0!,#DIV/0!
-27.81603853,0
59.03686259,-5.121703911
363.2282609,0
144.2728339,0
-99.28424608,178.992989
#DIV/0!,#DIV/0!
#DIV/0!,#DIV/0!
#DIV/0!,#DIV/0!
#DIV/0!,#DIV/0!
#DIV/0!,#DIV/0!
#DIV/0!,#DIV/0!
#DIV/0!,#DIV/0!
237.8992434,0
413.9137931,#DIV/0!
153.5923237,0
-50.41309524,0
342.0061798,-77.45043182
-350.0490759,-3.079456791
-201.9094393,-176.5459565
#DIV/0!,#DIV/0!
#DIV/0!,#DIV/0!
306.2854426,0
4689.872768,-229.1652174
#DIV/0!,#DIV/0!
#DIV/0!,#DIV/0!
-11.29402099,0
405.1037037,0
#DIV/0!,#DIV/0!
-104.0786302,0
6.642857143,0
#DIV/0!,#DIV/0!
1587.623776,#DIV/0!
#DIV/0!,#DIV/0!
#DIV/0!,#DIV/0!
-5.868882687,0.801114179
#DIV/0!,#DIV/0!
-4.232172619,0
417.2238806,0
#DIV/0!,#DIV/0!
#DIV/0!,#DIV/0!
#DIV/0!,#DIV/0!
57.37806622,0
22.38924791,-13.00531772
143.7559828,0
10.91666667,0
-0.139215356,29.61578042
#DIV/0!,#DIV/0!
#DIV/0!,#DIV/0!
24.65188023,-6.900731617
-199.1299623,0
#DIV/0!,#DIV/0!
153.3753458,0
550.8504673,0
#DIV/0!,#DIV/0!
248.6363636,#DIV/0!
#DIV/0!,#DIV/0!
#DIV/0!,#DIV/0!
#DIV/0!,#DIV/0!
#DIV/0!,#DIV/0!
7.023458797,12.09242395
#DIV/0!,#DIV/0!
-82.77813732,-33.20363274
385.1911667,0
-3944.315789,#DIV/0!
#DIV/0!,#DIV/0!
#DIV/0!,#DIV/0!
#DIV/0!,#DIV/0!
66.37632201,-55.48671437
#DIV/0!,#DIV/0!
404.4545455,0
#DIV/0!,#DIV/0!
47.33333333,0
#DIV/0!,#DIV/0!
-46.94029069,-22.04866304
-45.20634921,0
14.35355481,0
130.4835417,-143.28375
-8.121809257,-19.8366765
#DIV/0!,#DIV/0!
52.5569616,37.34673644
-4.064092656,-22.09000689
18.75884544,0
#DIV/0!,#DIV/0!
#DIV/0!,#DIV/0!
#DIV/0!,#DIV/0!
#DIV/0!,#DIV/0!
#DIV/0!,#DIV/0!
#DIV/0!,#DIV/0!
20.30961201,83.89126312
#DIV/0!,#DIV/0!
#DIV/0!,#DIV/0!
101.5637714,0
#DIV/0!,#DIV/0!
#DIV/0!,#DIV/0!
113.5590387,0
#DIV/0!,#DIV/0!
131.6931217,416.2547833
#DIV/0!,#DIV/0!
-7.723820995,-41.91723056
#DIV/0!,#DIV/0!
1179.333333,0
#DIV/0!,#DIV/0!
91.42514987,0
#DIV/0!,#DIV/0!
#DIV/0!,#DIV/0!
35.28083333,0
22.37696141,0
586.6325,0
#DIV/0!,#DIV/0!
47.99073093,0
#DIV/0!,#DIV/0!
-9222.105833,0
#DIV/0!,#DIV/0!
#DIV/0!,#DIV/0!
#DIV/0!,#DIV/0!
-52.92981787,-4.845969516
3.050612292,-4.013072234
-179.8461538,0
35.42358079,0
#DIV/0!,#DIV/0!
#DIV/0!,#DIV/0!
#DIV/0!,#DIV/0!
#DIV/0!,#DIV/0!
#DIV/0!,#DIV/0!
-94.06140445,46.93220928
#DIV/0!,#DIV/0!
#DIV/0!,#DIV/0!
2336.01999,0
#DIV/0!,#DIV/0!
109.4347216,66.70486596
#DIV/0!,#DIV/0!
#DIV/0!,#DIV/0!
#DIV/0!,#DIV/0!
#DIV/0!,#DIV/0!
56.62562814,0
24.92857143,#DIV/0!
#DIV/0!,#DIV/0!
#DIV/0!,#DIV/0!
-81.0279686,-16.75035704
25.33333333,0
2.387902612,0
-180.8981606,0
#DIV/0!,#DIV/0!
231.5416667,0
18.65081791,111.0134605
2.649265079,0
24.54040404,0
#DIV/0!,#DIV/0!
9.429583333,0
#DIV/0!,#DIV/0!
-35.1961326,0
-26.88368805,-8.520941537
#DIV/0!,#DIV/0!
-52.61547167,-61.70430554
#DIV/0!,#DIV/0!
#DIV/0!,#DIV/0!
7.677335422,0
#DIV/0!,#DIV/0!
14.20605939,0
#DIV/0!,#DIV/0!
272.725576,0
#DIV/0!,#DIV/0!
#DIV/0!,#DIV/0!
3.8098875,16.70127129
133.1530837,0
#DIV/0!,#DIV/0!
222.0285714,#DIV/0!
-292.2331755,0
#DIV/0!,#DIV/0!
#DIV/0!,#DIV/0!
#DIV/0!,#DIV/0!
1418,#DIV/0!
60.4793303,0
-12.87835703,0
-19.47615027,47.04369847
#DIV/0!,#DIV/0!
#DIV/0!,#DIV/0!
#DIV/0!,#DIV/0!
99.79983214,0
43.12002613,0
38.78013203,-36.52330296
-10.49403346,#DIV/0!
18.06302837,7.953536016
-276.7084845,-281.7872488
119.8983527,0
44.70770785,0
#DIV/0!,#DIV/0!
1245.883222,49.11617816
-63.05771348,-7.65135433
-792.7859083,0
#DIV/0!,#DIV/0!
-11.57857763,64.78181473
#DIV/0!,#DIV/0!
46.89593568,0
#DIV/0!,#DIV/0!
-2.391596143,2.155255051
917.6779266,-43.34125188
8.35796712,#DIV/0!
#DIV/0!,#DIV/0!
-522.7602586,0
222.5128102,0
#DIV/0!,#DIV/0!
#DIV/0!,#DIV/0!
343.5710227,0
#DIV/0!,#DIV/0!
49.54801764,-24.99950747
#DIV/0!,#DIV/0!
#DIV/0!,#DIV/0!
212.3816176,0
#DIV/0!,#DIV/0!
6.122844857,-34.11357796
328.3466667,0
1612.362188,0
#DIV/0!,#DIV/0!
#DIV/0!,#DIV/0!
#DIV/0!,#DIV/0!
#DIV/0!,#DIV/0!
5.879936819,4.834856924
204.7455357,0
-1078.650404,0
25.65757653,0
#DIV/0!,#DIV/0!
#DIV/0!,#DIV/0!
641.4070139,0
-3.26,#DIV/0!
#DIV/0!,#DIV/0!
-144.5141467,73.44158432
142.6092933,0
#DIV/0!,#DIV/0!
286.8025339,0
#DIV/0!,#DIV/0!
#DIV/0!,#DIV/0!
50.59208333,0
#DIV/0!,#DIV/0!
#DIV/0!,#DIV/0!
-58.40170057,6.485620897
-1213.75,0
-44.99553953,35.01564015
#DIV/0!,#DIV/0!
8.568601354,0
#DIV/0!,#DIV/0!
#DIV/0!,#DIV/0!
#DIV/0!,#DIV/0!
185.1683007,0
140.6169154,0
19.21166033,0
-863.6666667,0
#DIV/0!,#DIV/0!
#DIV/0!,#DIV/0!
#DIV/0!,#DIV/0!
1.000888362,0
#DIV/0!,#DIV/0!
#DIV/0!,#DIV/0!
19.16289144,-18.57088057
#DIV/0!,#DIV/0!
#DIV/0!,#DIV/0!
#DIV/0!,#DIV/0!
-63.45682039,-64.36502838
-85.55752212,0
#DIV/0!,#DIV/0!
#DIV/0!,#DIV/0!
#DIV/0!,#DIV/0!
11.87793583,0
167.8571429,0
445.6188043,0
-213.90625,#DIV/0!
366.74625,0
274.9595687,0
#DIV/0!,#DIV/0!
580.6355072,0
-27.55109339,0
#DIV/0!,#DIV/0!
#DIV/0!,#DIV/0!
#DIV/0!,#DIV/0!
18.92993814,0
#DIV/0!,#DIV/0!
#DIV/0!,#DIV/0!
#DIV/0!,#DIV/0!
3770.428571,#DIV/0!
4.658634538,0
252.5967366,0
9.382841069,0
140.9722222,0
-368.7451756,0
#DIV/0!,#DIV/0!
#DIV/0!,#DIV/0!
#DIV/0!,#DIV/0!
#DIV/0!,#DIV/0!
#DIV/0!,#DIV/0!
#DIV/0!,#DIV/0!
27.93854438,-5.691260879
#DIV/0!,#DIV/0!
#DIV/0!,#DIV/0!
234.15,#DIV/0!
-69.43671642,150.3213055
-55.47091828,0
-942.3896718,-61.29570613
-4067.046056,#DIV/0!
-5.8,0
#DIV/0!,#DIV/0!
87.65791599,0
40.83985913,0.70384243
-243.4652735,6.711841991
#DIV/0!,#DIV/0!
#DIV/0!,#DIV/0!
#DIV/0!,#DIV/0!
#DIV/0!,#DIV/0!
#DIV/0!,#DIV/0!
-1.236404363,63.12188046
#DIV/0!,#DIV/0!
-33.61035754,-40.39014192
38.25,0
211.4166667,0
-304.1018221,0
-28.46596117,0
#DIV/0!,#DIV/0!
353.36425,0
#DIV/0!,#DIV/0!
#DIV/0!,#DIV/0!
#DIV/0!,#DIV/0!
16.17159765,14.3992775
6.767759563,0
#DIV/0!,#DIV/0!
#DIV/0!,#DIV/0!
56.84999515,0
#DIV/0!,#DIV/0!
#DIV/0!,#DIV/0!
6.3664,0
-104.6321513,181.3777302
-653.8,0
-22.88497217,0
61.75,#DIV/0!
24.07414301,8.769970408
-75.52782532,-96.60122394
#DIV/0!,#DIV/0!
#DIV/0!,#DIV/0!
#DIV/0!,#DIV/0!
-26.4361197,5.025764047
#DIV/0!,#DIV/0!
#DIV/0!,#DIV/0!
167.1666667,0
#DIV/0!,#DIV/0!
-10411.89811,0
-67.45916939,218.2819744
#DIV/0!,#DIV/0!
-467.1710526,0
-96.94288764,-13.2981989
-575.8301973,5.901705607
-432.6467104,25.27794155
#DIV/0!,#DIV/0!
2.31641286,136.2150584
#DIV/0!,#DIV/0!
#DIV/0!,#DIV/0!
13.98964596,0
13.80638889,0
1.203935599,0
#DIV/0!,#DIV/0!
190.311828,0
#DIV/0!,#DIV/0!
-101.440678,-14.46637414
#DIV/0!,#DIV/0!
#DIV/0!,#DIV/0!
#DIV/0!,#DIV/0!
#DIV/0!,#DIV/0!
168.8,#DIV/0!
#DIV/0!,#DIV/0!
57.30148298,-8.009524747
#DIV/0!,#DIV/0!
#DIV/0!,#DIV/0!
#DIV/0!,#DIV/0!
#DIV/0!,#DIV/0!
#DIV/0!,#DIV/0!
#DIV/0!,#DIV/0!
-92.62695407,-80.64469568
#DIV/0!,#DIV/0!
64.75577703,0
-45.00903704,0
#DIV/0!,#DIV/0!
#DIV/0!,#DIV/0!
37.3980534,0
#DIV/0!,#DIV/0!
#DIV/0!,#DIV/0!
#DIV/0!,#DIV/0!
#DIV/0!,#DIV/0!
#DIV/0!,#DIV/0!
#DIV/0!,#DIV/0!
0,#DIV/0!
-54.31797956,8.622767058
#DIV/0!,#DIV/0!
#DIV/0!,#DIV/0!
#DIV/0!,#DIV/0!
#DIV/0!,#DIV/0!
-10.54201766,-24.30009676
#DIV/0!,#DIV/0!
#DIV/0!,#DIV/0!
#DIV/0!,#DIV/0!
-3.464081216,8.142652312
56,#DIV/0!
0,#DIV/0!
#DIV/0!,#DIV/0!
#DIV/0!,#DIV/0!
-9.844610413,32.64093057
#DIV/0!,#DIV/0!
#DIV/0!,#DIV/0!
53.18936416,0
192.1114064,0
#DIV/0!,#DIV/0!
13.75733967,0
#DIV/0!,#DIV/0!
9.852544346,0
0,#DIV/0!
#DIV/0!,#DIV/0!
-36.11715487,33.18120257
-89.2365146,-3.938487738
#DIV/0!,#DIV/0!
#DIV/0!,#DIV/0!
-4.508761658,-0.699375188
956.1764706,#DIV/0!
4.283660131,0
#DIV/0!,#DIV/0!
#DIV/0!,#DIV/0!
#DIV/0!,#DIV/0!
#DIV/0!,#DIV/0!
-3.781273597,13.42022984
#DIV/0!,#DIV/0!
#DIV/0!,#DIV/0!
114.2019704,0
#DIV/0!,#DIV/0!
#DIV/0!,#DIV/0!
-1004.23569,-9.303939479
117.7244681,#DIV/0!
-78.71321696,36.64633207
32.24514875,0.48913453
#DIV/0!,#DIV/0!
#DIV/0!,#DIV/0!
54.80968228,0
#DIV/0!,#DIV/0!
#DIV/0!,#DIV/0!
-2.332747109,-34.23930401
158.7350766,0
82.28985216,0
-50.34150333,0
6375.773965,0
79.1083618,0
104.1028495,0
-11042.18182,#DIV/0!
150.8142924,-39.96414217
-29.62,#DIV/0!
-77.9200429,-15.47497578
-11.90093111,0
#DIV/0!,#DIV/0!
#DIV/0!,#DIV/0!
#DIV/0!,#DIV/0!
#DIV/0!,#DIV/0!
75.04966569,0
#DIV/0!,#DIV/0!
#DIV/0!,#DIV/0!
#DIV/0!,#DIV/0!
#DIV/0!,#DIV/0!
#DIV/0!,#DIV/0!
372.8366957,0
559.195,#DIV/0!
-81.29009607,-1.352718249
-101.1366408,4.58912095
#DIV/0!,#DIV/0!
#DIV/0!,#DIV/0!
#DIV/0!,#DIV/0!
5.628916083,0
178.7258162,0
#DIV/0!,#DIV/0!
#DIV/0!,#DIV/0!
-49.80519731,7.865004224
76.3384252,-333.5850913
#DIV/0!,#DIV/0!
-7078.095208,0
#DIV/0!,#DIV/0!
7.82345191,0
#DIV/0!,#DIV/0!
2.728354978,#DIV/0!
#DIV/0!,#DIV/0!
#DIV/0!,#DIV/0!
199.3918896,0
#DIV/0!,#DIV/0!
#DIV/0!,#DIV/0!
-29.22033126,0
#DIV/0!,#DIV/0!
147.6779661,0
-1129.727273,#DIV/0!
#DIV/0!,#DIV/0!
#DIV/0!,#DIV/0!
36.5046729,0
668.8923827,12.41701917
-498.3787337,-52.71651028
10.14781793,#DIV/0!
-52.06337136,0
#DIV/0!,#DIV/0!
23.67694854,51.73353536
#DIV/0!,#DIV/0!
169.1854802,11.84621973
#DIV/0!,#DIV/0!
43.43267077,0
1.121212121,0
169.0545455,#DIV/0!
#DIV/0!,#DIV/0!
#DIV/0!,#DIV/0!
#DIV/0!,#DIV/0!
#DIV/0!,#DIV/0!
-82.75476322,0
#DIV/0!,#DIV/0!
#DIV/0!,#DIV/0!
11.54357592,0
724.2898551,0
#DIV/0!,#DIV/0!
-1093.547129,0
#DIV/0!,#DIV/0!
#DIV/0!,#DIV/0!
1.587772646,-78.92639058
-71.72540323,119.021097
#DIV/0!,#DIV/0!
#DIV/0!,#DIV/0!
-2304.720588,113.8710471
#DIV/0!,#DIV/0!
-26.64787366,-1.508959964
#DIV/0!,#DIV/0!
#DIV/0!,#DIV/0!
100.3256338,19.82940812
4.653057426,#DIV/0!
124.5204819,0
830.5862163,4.788521021
34.99456232,-2.052175371
#DIV/0!,#DIV/0!
#DIV/0!,#DIV/0!
211.8,#DIV/0!
#DIV/0!,#DIV/0!
#DIV/0!,#DIV/0!
-1.781617991,-10.3376926
#DIV/0!,#DIV/0!
#DIV/0!,#DIV/0!
-21.99457143,0
-86.75213796,-35.57041772
#DIV/0!,#DIV/0!
#DIV/0!,#DIV/0!
#DIV/0!,#DIV/0!
23.72900493,-10.18830734
-15.50174565,12.01642177
15.21909862,0
#DIV/0!,#DIV/0!
#DIV/0!,#DIV/0!
#DIV/0!,#DIV/0!
#DIV/0!,#DIV/0!
-254.9635605,169.4611473
#DIV/0!,#DIV/0!
-228.2275693,0
#DIV/0!,#DIV/0!
-44.48306998,-144.6674195
#DIV/0!,#DIV/0!
-142.1878601,-22.085
35.5197494,0
#DIV/0!,#DIV/0!
#DIV/0!,#DIV/0!
#DIV/0!,#DIV/0!
624.8125,0
-100.0519556,13.87771135
#DIV/0!,#DIV/0!
516.8983333,0
81.12663137,2.633890494
21.06997085,0
#DIV/0!,#DIV/0!
96.42880187,0
-637.3292633,0
-21.57777778,0
-30.48378421,0
-5.74289105,12.44013304
40.51374705,0
6.142168675,0
277.5324088,0
-39.25471811,-1.879343458
14.84773084,38.26210221
220.5273916,0
-250.7703349,0
-2346.322261,0
#DIV/0!,#DIV/0!
#DIV/0!,#DIV/0!
-42.01138611,43.60184122
2.448012763,0
-26.06,0
-391.5019231,42.39743827
46.81983624,-1.186752073
#DIV/0!,#DIV/0!
#DIV/0!,#DIV/0!
13.8825,0
20.76518586,0
241.0144444,0
#DIV/0!,#DIV/0!
#DIV/0!,#DIV/0!
-164.6363636,#DIV/0!
-65.49399435,-3.777096513
#DIV/0!,#DIV/0!
#DIV/0!,#DIV/0!
15.33427833,20.18626948
221.4166667,0
44.55466862,19.36771659
1890.482541,158.3188178
#DIV/0!,#DIV/0!
#DIV/0!,#DIV/0!
235.3070504,0
274.9345136,188.1152917
47.11408872,0
#DIV/0!,#DIV/0!
#DIV/0!,#DIV/0!
-603.0472524,222.0730632
#DIV/0!,#DIV/0!
#DIV/0!,#DIV/0!
16.36658814,0
109.4582547,0
269.6640976,0
-48.58809771,-9.754409236
27.59752483,0
5.384411111,0
134.7218685,0
#DIV/0!,#DIV/0!
#DIV/0!,#DIV/0!
#DIV/0!,#DIV/0!
#DIV/0!,#DIV/0!
#DIV/0!,#DIV/0!
-121.2147563,0
#DIV/0!,#DIV/0!
33.75,0
-5.472360627,-12.66779324
#DIV/0!,#DIV/0!
#DIV/0!,#DIV/0!
#DIV/0!,#DIV/0!
#DIV/0!,#DIV/0!
90.11884808,0
-33.62891506,-87.19784783
#DIV/0!,#DIV/0!
0,#DIV/0!
#DIV/0!,#DIV/0!
#DIV/0!,#DIV/0!
-4.874000182,0
71.96727749,0
1242,#DIV/0!
1.265306122,152.8493181
-86.13756614,41.29133285
#DIV/0!,#DIV/0!
152.0688525,0
#DIV/0!,#DIV/0!
58.60559758,9.950466242
-3404.830769,0
#DIV/0!,#DIV/0!
-39.4390625,0
#DIV/0!,#DIV/0!
-2391.2031,0
43.25,0
51.7898829,#DIV/0!
#DIV/0!,#DIV/0!
#DIV/0!,#DIV/0!
56.08193873,0
#DIV/0!,#DIV/0!
#DIV/0!,#DIV/0!
-134.1915429,-32.61296471
70.50258293,0
-214.7733624,-365.2909795
#DIV/0!,#DIV/0!
108.9761905,0
-186.2134826,0
-197.7650137,49.67646752
-76.96205962,0
0,#DIV/0!
#DIV/0!,#DIV/0!
#DIV/0!,#DIV/0!
#DIV/0!,#DIV/0!
#DIV/0!,#DIV/0!
#DIV/0!,#DIV/0!
#DIV/0!,#DIV/0!
#DIV/0!,#DIV/0!
109.2176087,0
1331.832423,#DIV/0!
-510.4133333,0
-66.27777778,0
#DIV/0!,#DIV/0!
93.13448014,0
0.91025641,0
#DIV/0!,#DIV/0!
#DIV/0!,#DIV/0!
-24.73572512,73.67486878
-159.395,#DIV/0!
#DIV/0!,#DIV/0!
-46.28339845,4.657817431
-287.9962073,0
#DIV/0!,#DIV/0!
#DIV/0!,#DIV/0!
#DIV/0!,#DIV/0!
#DIV/0!,#DIV/0!
#DIV/0!,#DIV/0!
-34.8,0
-23.28968724,-38.64349889
#DIV/0!,#DIV/0!
-28.91654315,112.5111859
-7389.146987,0
0.017524644,0
#DIV/0!,#DIV/0!
-38.14022441,#DIV/0!
#DIV/0!,#DIV/0!
73.39768494,-95.80149802
375.9731544,0
#DIV/0!,#DIV/0!
-13.36059998,10.03706662
#DIV/0!,#DIV/0!
-17.09628242,-33.21407742
15.9968321,-2.46672855
498.6558333,0
#DIV/0!,#DIV/0!
#DIV/0!,#DIV/0!
#DIV/0!,#DIV/0!
121.3160417,19.49130255
142.4957945,0
#DIV/0!,#DIV/0!
#DIV/0!,#DIV/0!
#DIV/0!,#DIV/0!
#DIV/0!,#DIV/0!
-2400.054,1305.7125
-316.5709339,0
#DIV/0!,#DIV/0!
30.65957447,0
-472.1003577,0
#DIV/0!,#DIV/0!
1.972222222,0
#DIV/0!,#DIV/0!
197.5924507,-11.96212184
#DIV/0!,#DIV/0!
-162.0254267,-18.31695892
-280.6404271,-108.7103028
107.3789209,0
556.375,0
173.3864458,0
52.34782609,0
-127.4016676,#DIV/0!
-177.0630464,203.3960889
-14424.68833,0
#DIV/0!,#DIV/0!
#DIV/0!,#DIV/0!
15.2436376,0
-244.9214583,18.67333345
30.50884098,0
#DIV/0!,#DIV/0!
#DIV/0!,#DIV/0!
#DIV/0!,#DIV/0!
#DIV/0!,#DIV/0!
156.4613003,0
17.08164594,59.82707327
38.14736018,-4.13334374
#DIV/0!,#DIV/0!
#DIV/0!,#DIV/0!
26.21226593,-25.69663491
-2660.166667,59.37675935
-70.80455715,-37.11913373
#DIV/0!,#DIV/0!
21.8830914,-2.080438833
#DIV/0!,#DIV/0!
147.8566006,0
#DIV/0!,#DIV/0!
0.673635308,0
#DIV/0!,#DIV/0!
22.7031869,0
-198.7916966,0
#DIV/0!,#DIV/0!
#DIV/0!,#DIV/0!
-231.8942278,0
#DIV/0!,#DIV/0!
#DIV/0!,#DIV/0!
29.18092024,-18.88910884
96.06858952,0
#DIV/0!,#DIV/0!
#DIV/0!,#DIV/0!
#DIV/0!,#DIV/0!
2.388349515,0
220.6474107,0
28.45616524,-13.01330765
-641.0053315,0
-166.906614,-2.45599296
#DIV/0!,#DIV/0!
#DIV/0!,#DIV/0!
#DIV/0!,#DIV/0!
#DIV/0!,#DIV/0!
-675.7377049,#DIV/0!
-2016.473633,0
7.850533808,-0.445271745
-274.2819383,0
#DIV/0!,#DIV/0!
371.2733333,38.52913629
#DIV/0!,#DIV/0!
19.82022817,-20.143722
-194.5618841,84.28022324
0,0
-70.23450407,-78.11266601
-566.4584553,-10.08936969
#DIV/0!,#DIV/0!
#DIV/0!,#DIV/0!
#DIV/0!,#DIV/0!
57.33067204,0
#DIV/0!,#DIV/0!
#DIV/0!,#DIV/0!
7.219894054,0
-9166.333999,0
99.5627685,0
104.1485714,0
#DIV/0!,#DIV/0!
#DIV/0!,#DIV/0!
#DIV/0!,#DIV/0!
#DIV/0!,#DIV/0!
#DIV/0!,#DIV/0!
#DIV/0!,#DIV/0!
#DIV/0!,#DIV/0!
-27.67339859,-9.431882051
-382.7263514,0
#DIV/0!,#DIV/0!
17.65342298,0
#DIV/0!,#DIV/0!
#DIV/0!,#DIV/0!
-120.229798,0
#DIV/0!,#DIV/0!
#DIV/0!,#DIV/0!
#DIV/0!,#DIV/0!
#DIV/0!,#DIV/0!
1351.193333,0
#DIV/0!,#DIV/0!
#DIV/0!,#DIV/0!
#DIV/0!,#DIV/0!
-516.0756667,0
#DIV/0!,#DIV/0!
#DIV/0!,#DIV/0!
#DIV/0!,#DIV/0!
-124.4516368,11.16026022
72.94171905,-0.189327577
147.6476894,#DIV/0!
1.557325887,0
-57.20781697,0
-50377.99612,0
-240.1666667,#DIV/0!
8.281256884,27.32137961
#DIV/0!,#DIV/0!
131.4708673,0
6.564349623,0
397.8698166,#DIV/0!
14.56572587,0
#DIV/0!,#DIV/0!
#DIV/0!,#DIV/0!
96.6738288,0.191476884
#DIV/0!,#DIV/0!
20.48148148,0
120.0347072,0
104.2416069,0
#DIV/0!,#DIV/0!
47.71428571,#DIV/0!
639.080412,#DIV/0!
221.4630699,0
#DIV/0!,#DIV/0!
-67.97904034,-43.71687945
-296.9883485,50.57594136
#DIV/0!,#DIV/0!
45.28490085,-2.460020727
#DIV/0!,#DIV/0!
29.1180388,0
-336.0694937,569.3392816
#DIV/0!,#DIV/0!
#DIV/0!,#DIV/0!
#DIV/0!,#DIV/0!
135.8939013,0
-36.59545954,-59.25998566
#DIV/0!,#DIV/0!
148.51514,0
-58.70401297,-7.943700404
#DIV/0!,#DIV/0!
#DIV/0!,#DIV/0!
#DIV/0!,#DIV/0!
#DIV/0!,#DIV/0!
-4565.583067,0
15.79166667,0
-11.15521443,0
57.75,0
393,0
#DIV/0!,#DIV/0!
1253.7125,0
-16060.49061,0
#DIV/0!,#DIV/0!
112.6333226,0
-205,0
-43.52193387,-25.35024671
#DIV/0!,#DIV/0!
#DIV/0!,#DIV/0!
134.3695652,#DIV/0!
6,#DIV/0!
-152.1786826,0
-2234.239189,0
#DIV/0!,#DIV/0!
#DIV/0!,#DIV/0!
-104.0859284,203.7320927
-114.4220376,25.21225649
-19.30226668,4.093043444
-14.3652968,0
#DIV/0!,#DIV/0!
-208.93,0
#DIV/0!,#DIV/0!
#DIV/0!,#DIV/0!
12.73559662,0
#DIV/0!,#DIV/0!
#DIV/0!,#DIV/0!
20.8281782,0
#DIV/0!,#DIV/0!
#DIV/0!,#DIV/0!
-108.4344986,-6.450297755
#DIV/0!,#DIV/0!
191.0475232,0
4.008462911,0
444.9943388,0
#DIV/0!,#DIV/0!
-3762.608462,0
-26.98733408,5.882031074
83.50432526,0
#DIV/0!,#DIV/0!
#DIV/0!,#DIV/0!
219.1091508,0
#DIV/0!,#DIV/0!
-257.4166667,0
4.14834115,0
104.3716931,0
#DIV/0!,#DIV/0!
#DIV/0!,#DIV/0!
-105.3309869,#DIV/0!
0.319646398,-7.221202045
141.695609,0
#DIV/0!,#DIV/0!
#DIV/0!,#DIV/0!
#DIV/0!,#DIV/0!
#DIV/0!,#DIV/0!
-23.74681239,0
30.4230462,0
0.606060606,0
-28.87165273,0
45.67742454,0
338.8918919,0
#DIV/0!,#DIV/0!
42.76445202,26.83915828
#DIV/0!,#DIV/0!
#DIV/0!,#DIV/0!
#DIV/0!,#DIV/0!
#DIV/0!,#DIV/0!
7.549998905,19.65415318
-193.6048283,-14.00256682
#DIV/0!,#DIV/0!
28.97222222,0
338.6376239,0
#DIV/0!,#DIV/0!
-17.41953079,0
#DIV/0!,#DIV/0!
#DIV/0!,#DIV/0!
161.9036139,-0.532582439
-3.747754569,-265.6752974
0.125373134,0
#DIV/0!,#DIV/0!
51.32667938,#DIV/0!
#DIV/0!,#DIV/0!
-0.416184971,0
-318.8119891,23.23628049
-193.5714286,#DIV/0!
832,#DIV/0!
#DIV/0!,#DIV/0!
12.31490242,0
178.5152885,20.3700443
#DIV/0!,#DIV/0!
#DIV/0!,#DIV/0!
10.25,0
#DIV/0!,#DIV/0!
-868.037381,78.78747436
121.75,0
#DIV/0!,#DIV/0!
58.21848274,-90.73800162
#DIV/0!,#DIV/0!
#DIV/0!,#DIV/0!
24.85935764,0
#DIV/0!,#DIV/0!
#DIV/0!,#DIV/0!
244.4417363,0
175.1145913,0
133.7195986,#DIV/0!
#DIV/0!,#DIV/0!
36.2585187,-26.08903016
#DIV/0!,#DIV/0!
#DIV/0!,#DIV/0!
#DIV/0!,#DIV/0!
206.2732313,0
-78.32184829,-2.143753818
-20.48611111,0
#DIV/0!,#DIV/0!
273.7348026,0
653.3333333,#DIV/0!
-1299.503182,#DIV/0!
#DIV/0!,#DIV/0!
#DIV/0!,#DIV/0!
#DIV/0!,#DIV/0!
-1437.166667,0
-9.585066667,#DIV/0!
287.0179075,-52.23373007
211.585,#DIV/0!
-355.4318937,-1509.968412
1.245199409,0
#DIV/0!,#DIV/0!
-32.57899615,20.56424139
36.30152204,0
27.79847681,-8.191572097
7.777915042,-5.53352897
#DIV/0!,#DIV/0!
#DIV/0!,#DIV/0!
1117.266667,-29.81413683
#DIV/0!,#DIV/0!
#DIV/0!,#DIV/0!
6.692486183,-31.93600619
54.64676762,0
#DIV/0!,#DIV/0!
37.77380952,0
219.2355347,#DIV/0!
0.54147619,0
25.63724138,0
#DIV/0!,#DIV/0!
#DIV/0!,#DIV/0!
#DIV/0!,#DIV/0!
#DIV/0!,#DIV/0!
56.23190458,#DIV/0!
#DIV/0!,#DIV/0!
#DIV/0!,#DIV/0!
-111.330692,-371.5338876
#DIV/0!,#DIV/0!
#DIV/0!,#DIV/0!
-211.8311179,#DIV/0!
#DIV/0!,#DIV/0!
-19.02521284,150.6657176
-316.5046208,35.50148472
#DIV/0!,#DIV/0!
13.61297527,0
-61.60531993,2.871135401
-174.1624815,0
1759.2,#DIV/0!
-4.261443862,0
#DIV/0!,#DIV/0!
17.24071016,0
2.006121134,0
#DIV/0!,#DIV/0!
-56.09607713,-21.68497681
#DIV/0!,#DIV/0!
140.7718627,0
-2.404536659,-8.202778226
330.3508219,0
-34.92294697,0
94.81916128,-6091.682126
-530.1562889,-314.9838953
#DIV/0!,#DIV/0!
#DIV/0!,#DIV/0!
#DIV/0!,#DIV/0!
120.0600411,0
91.39069147,0
#DIV/0!,#DIV/0!
-6.118631456,0
24.5,0
#DIV/0!,#DIV/0!
#DIV/0!,#DIV/0!
1730.074769,-151.2820597
150.7897368,0
235.1491667,#DIV/0!
#DIV/0!,#DIV/0!
-25.30852809,0
#DIV/0!,#DIV/0!
#DIV/0!,#DIV/0!
-1459.894231,0
41.83819381,0
-2.471405922,76.06723407
-10.61535154,2.430318683
38.71921829,0
#DIV/0!,#DIV/0!
#DIV/0!,#DIV/0!
#DIV/0!,#DIV/0!
-13.87808004,0
141.3059023,0
8.534759358,#DIV/0!
#DIV/0!,#DIV/0!
51.82660634,-30.94514543
#DIV/0!,#DIV/0!
#DIV/0!,#DIV/0!
-716.461399,0
14.88166699,0
-193.9271445,0
#DIV/0!,#DIV/0!
10.16666667,0
11.87864804,30.81902646
-30.20643253,-54.80051721
20.04741124,-233.4187956
#DIV/0!,#DIV/0!
#DIV/0!,#DIV/0!
#DIV/0!,#DIV/0!
23110.76909,0
#DIV/0!,#DIV/0!
9.899929968,31.28745564
#DIV/0!,#DIV/0!
#DIV/0!,#DIV/0!
27.41555733,-4.19427686
-14.60435216,25.52452267
#DIV/0!,#DIV/0!
-13.03394117,-55.76945012
156.9238644,0
43.39987814,-65.520925
139.0013447,0
#DIV/0!,#DIV/0!
-99.58789541,-41.35413333
#DIV/0!,#DIV/0!
#DIV/0!,#DIV/0!
13.26124819,0
#DIV/0!,#DIV/0!
1732.305556,0
-58.64458326,-9.573903293
#DIV/0!,#DIV/0!
-49.72769184,-150.1431862
-4.195190091,-6.713492339
#DIV/0!,#DIV/0!
#DIV/0!,#DIV/0!
#DIV/0!,#DIV/0!
#DIV/0!,#DIV/0!
#DIV/0!,#DIV/0!
-82.08593919,-24.86687953
#DIV/0!,#DIV/0!
-17.7725769,-8.321746262
-12.25398091,0
#DIV/0!,#DIV/0!
-533.0766667,#DIV/0!
101.8057603,0
#DIV/0!,#DIV/0!
176.6061058,0
#DIV/0!,#DIV/0!
#DIV/0!,#DIV/0!
-584,0
#DIV/0!,#DIV/0!
#DIV/0!,#DIV/0!
#DIV/0!,#DIV/0!
2.644444444,#DIV/0!
38.56268311,0
342.9876923,0
47.3993324,0
-29.51919329,#DIV/0!
-2725.277612,0
#DIV/0!,#DIV/0!
#DIV/0!,#DIV/0!
-26.50672862,0
#DIV/0!,#DIV/0!
#DIV/0!,#DIV/0!
#DIV/0!,#DIV/0!
28.01666667,0
#DIV/0!,#DIV/0!
#DIV/0!,#DIV/0!
#DIV/0!,#DIV/0!
-364.0923562,0
3.725594348,0
#DIV/0!,#DIV/0!
158.7251462,0
#DIV/0!,#DIV/0!
123.3422103,32.43628161
0,0
126.6209887,#DIV/0!
#DIV/0!,#DIV/0!
13.43717402,0
#DIV/0!,#DIV/0!
-49.8725,0
#DIV/0!,#DIV/0!
#DIV/0!,#DIV/0!
#DIV/0!,#DIV/0!
6.333333333,0
#DIV/0!,#DIV/0!
#DIV/0!,#DIV/0!
#DIV/0!,#DIV/0!
#DIV/0!,#DIV/0!
#DIV/0!,#DIV/0!
#DIV/0!,#DIV/0!
#DIV/0!,#DIV/0!
#DIV/0!,#DIV/0!
14.10587074,-55.06270247
50.73738674,1.527340323
#DIV/0!,#DIV/0!
4.50195437,0
11.52570975,-22.20346169
#DIV/0!,#DIV/0!
#DIV/0!,#DIV/0!
#DIV/0!,#DIV/0!
-127.4690722,0
-93.58117886,80.87707292
-218.0833333,#DIV/0!
#DIV/0!,#DIV/0!
-2301.583333,0
-1354.047445,0
-13.18036171,0
56.13575942,74.36454443
-173.2329873,104.722509
#DIV/0!,#DIV/0!
75.57007083,0
#DIV/0!,#DIV/0!
55.08384831,0
437.6233333,1305.224752
192.9933333,0
-27.25573009,23.03125436
#DIV/0!,#DIV/0!
#DIV/0!,#DIV/0!
#DIV/0!,#DIV/0!
#DIV/0!,#DIV/0!
#DIV/0!,#DIV/0!
#DIV/0!,#DIV/0!
152.3868981,0
#DIV/0!,#DIV/0!
#DIV/0!,#DIV/0!
31.27136398,3.515462966
#DIV/0!,#DIV/0!
68.24814583,24.40006158
33.24046564,-37.6991088
#DIV/0!,#DIV/0!
#DIV/0!,#DIV/0!
62.32355763,0
-1988.221367,0
#DIV/0!,#DIV/0!
-19.32875829,1.309711083
#DIV/0!,#DIV/0!
#DIV/0!,#DIV/0!
6.920863309,0
81.64499253,0
-109.3266455,0
0.916666667,0
-178.9660063,0
530,#DIV/0!
-47.76863564,10.33746582
#DIV/0!,#DIV/0!
-5.199392561,0
#DIV/0!,#DIV/0!
#DIV/0!,#DIV/0!
#DIV/0!,#DIV/0!
#DIV/0!,#DIV/0!
-116.0965092,0
35.27109981,43.10208642
#DIV/0!,#DIV/0!
43.91666667,0
#DIV/0!,#DIV/0!
#DIV/0!,#DIV/0!
99.20095214,-12.68909404
47.15468963,-20.38735526
52.66666667,0
-12366.2935,0
11.36036036,0
#DIV/0!,#DIV/0!
#DIV/0!,#DIV/0!
#DIV/0!,#DIV/0!
104.75,0
202.0181468,0
#DIV/0!,#DIV/0!
#DIV/0!,#DIV/0!
26.55555556,0
#DIV/0!,#DIV/0!
#DIV/0!,#DIV/0!
305.0714286,0
#DIV/0!,#DIV/0!
#DIV/0!,#DIV/0!
#DIV/0!,#DIV/0!
54.86068341,-42.24939769
#DIV/0!,#DIV/0!
#DIV/0!,#DIV/0!
-35.10058896,102.2341038
19872.09333,#DIV/0!
-19.03201724,5.854858857
134.1667655,0
#DIV/0!,#DIV/0!
7.346862619,-11.18495646
266.2222222,0
#DIV/0!,#DIV/0!
53.79166667,0
1.271680762,-1.159445277
33.6,#DIV/0!
#DIV/0!,#DIV/0!
#DIV/0!,#DIV/0!
#DIV/0!,#DIV/0!
-666.3319912,-27.94190266
#DIV/0!,#DIV/0!
1.034482759,0
#DIV/0!,#DIV/0!
30.18006856,0
#DIV/0!,#DIV/0!
1,0
0.695238095,0
#DIV/0!,#DIV/0!
-21.95295942,-7.188522377
-42.14632425,7.473751877
0,0
7.416787027,-154.0613263
107.4266022,0
-36.83535529,#DIV/0!
61.82571361,0
#DIV/0!,#DIV/0!
#DIV/0!,#DIV/0!
#DIV/0!,#DIV/0!
-172.8520912,#DIV/0!
77.66666667,0
-757.3710424,62.26019067
#DIV/0!,#DIV/0!
#DIV/0!,#DIV/0!
-215.8856542,0
#DIV/0!,#DIV/0!
#DIV/0!,#DIV/0!
99.61916667,0
#DIV/0!,#DIV/0!
#DIV/0!,#DIV/0!
141.5961205,0
-1.962861985,11.3504367
#DIV/0!,#DIV/0!
#DIV/0!,#DIV/0!
154.1987179,#DIV/0!
#DIV/0!,#DIV/0!
#DIV/0!,#DIV/0!
#DIV/0!,#DIV/0!
-207.6365979,50.11133467
#DIV/0!,#DIV/0!
#DIV/0!,#DIV/0!
#DIV/0!,#DIV/0!
#DIV/0!,#DIV/0!
#DIV/0!,#DIV/0!
-6.116272523,#DIV/0!
73.8893394,#DIV/0!
#DIV/0!,#DIV/0!
-8.52,0
-59.05758232,9.302665181
121.3510798,0
-166.3352302,39.54837861
-797.9749455,0
1,0
59.93789393,0
#DIV/0!,#DIV/0!
13873.37898,0
-3.356060606,#DIV/0!
-9.312017789,57.41937824
#DIV/0!,#DIV/0!
#DIV/0!,#DIV/0!
#DIV/0!,#DIV/0!
21.36699735,-16.0247939
#DIV/0!,#DIV/0!
280.4210526,#DIV/0!
#DIV/0!,#DIV/0!
-6.915291595,0
17.27972892,25.68752628
#DIV/0!,#DIV/0!
#DIV/0!,#DIV/0!
#DIV/0!,#DIV/0!
825.6535088,#DIV/0!
#DIV/0!,#DIV/0!
#DIV/0!,#DIV/0!
#DIV/0!,#DIV/0!
-18.98518404,186.0179613
#DIV/0!,#DIV/0!
30.51705207,0
#DIV/0!,#DIV/0!
106.8359582,0
-83.29055765,20.66072792
33.08527359,0
#DIV/0!,#DIV/0!
#DIV/0!,#DIV/0!
-1512.332195,0
-23.07666667,0
-103.4798715,0
#DIV/0!,#DIV/0!
-1278.398332,0
-297.6974041,#DIV/0!
-358.7710011,0
129.5694377,0
-5146.47458,0
#DIV/0!,#DIV/0!
#DIV/0!,#DIV/0!
60.45833333,0
#DIV/0!,#DIV/0!
#DIV/0!,#DIV/0!
-69.08392533,-71.33654889
55.3,0
#DIV/0!,#DIV/0!
-106.2420795,160.7914311
#DIV/0!,#DIV/0!
7.25,0
#DIV/0!,#DIV/0!
0,#DIV/0!
#DIV/0!,#DIV/0!
222.8778753,0
151.3712602,0
#DIV/0!,#DIV/0!
-150.6522547,-9.143803293
-12.71483897,36.7885386
#DIV/0!,#DIV/0!
#DIV/0!,#DIV/0!
-46.83642567,208.1802613
#DIV/0!,#DIV/0!
37.72174594,-13.37109391
335.1207263,0
#DIV/0!,#DIV/0!
6.969368429,53.46376662
#DIV/0!,#DIV/0!
#DIV/0!,#DIV/0!
49.00011801,0
73.66666667,0
#DIV/0!,#DIV/0!
#DIV/0!,#DIV/0!
#DIV/0!,#DIV/0!
-56.27547838,3.032592883
19.94556048,0
40.78104575,0
#DIV/0!,#DIV/0!
#DIV/0!,#DIV/0!
-60.90763547,0
-13870.57094,0
#DIV/0!,#DIV/0!
#DIV/0!,#DIV/0!
0,#DIV/0!
#DIV/0!,#DIV/0!
58.87596352,0
-11.23728908,84.56864855
#DIV/0!,#DIV/0!
#DIV/0!,#DIV/0!
#DIV/0!,#DIV/0!
117.1176894,0
118.3078571,#DIV/0!
42.49849499,0
1.589562764,0
18.27865734,18.0479331
54.75611805,-19.42313765
#DIV/0!,#DIV/0!
189.5948092,0
#DIV/0!,#DIV/0!
-343.4649911,0
#DIV/0!,#DIV/0!
#DIV/0!,#DIV/0!
-74.96391289,32.92512674
1.17751004,0
-180.2569444,0
23.59957271,#DIV/0!
#DIV/0!,#DIV/0!
#DIV/0!,#DIV/0!
20.31258966,0
90.78793407,0
-155.6375902,#DIV/0!
#DIV/0!,#DIV/0!
-11.08752187,-11.65161576
1.353488372,0
#DIV/0!,#DIV/0!
38.48495274,0.59587552
567.05,0
#DIV/0!,#DIV/0!
-143.9759196,-209.2740048
6.369232234,0
0.28185081,0
-258.394568,-91.17374308
#DIV/0!,#DIV/0!
0.766666667,0
216.8497653,0
217.187669,0
#DIV/0!,#DIV/0!
#DIV/0!,#DIV/0!
#DIV/0!,#DIV/0!
#DIV/0!,#DIV/0!
-37.04512589,0.70092062
-1951.968919,0
#DIV/0!,#DIV/0!
-1.967566697,32.24748055
12.18571429,-0.698211194
#DIV/0!,#DIV/0!
79.5365601,4.74186447
#DIV/0!,#DIV/0!
#DIV/0!,#DIV/0!
-65.49031297,0
#DIV/0!,#DIV/0!
16.29007306,0
#DIV/0!,#DIV/0!
488.4054054,0
108.4391973,#DIV/0!
#DIV/0!,#DIV/0!
#DIV/0!,#DIV/0!
#DIV/0!,#DIV/0!
293.7241379,0
#DIV/0!,#DIV/0!
#DIV/0!,#DIV/0!
194.7942387,0
-172.7269838,116.5970746
#DIV/0!,#DIV/0!
#DIV/0!,#DIV/0!
-42.58428235,-67.02297929
#DIV/0!,#DIV/0!
-188.5037037,0
-21.09684678,0
#DIV/0!,#DIV/0!
#DIV/0!,#DIV/0!
-40.89942344,0
183.0904605,#DIV/0!
-44.99831547,0
#DIV/0!,#DIV/0!
#DIV/0!,#DIV/0!
-6.333382012,-7.103579592
14.34188034,#DIV/0!
1.209302326,0
#DIV/0!,#DIV/0!
69.92405063,0
#DIV/0!,#DIV/0!
-37.29613136,-29.64296583
16.17065637,0
#DIV/0!,#DIV/0!
306.4518627,59.41610365
#DIV/0!,#DIV/0!
#DIV/0!,#DIV/0!
#DIV/0!,#DIV/0!
-17.14505662,-25.58330083
#DIV/0!,#DIV/0!
#DIV/0!,#DIV/0!
#DIV/0!,#DIV/0!
#DIV/0!,#DIV/0!
2.064111339,0
#DIV/0!,#DIV/0!
#DIV/0!,#DIV/0!
33.31944978,-6.85969581
#DIV/0!,#DIV/0!
#DIV/0!,#DIV/0!
60.14560191,121.0512905
#DIV/0!,#DIV/0!
#DIV/0!,#DIV/0!
284.755102,#DIV/0!
-247.5769435,-188.3705196
-108.1430976,0
-42.34040487,#DIV/0!
313.4444444,0
#DIV/0!,#DIV/0!
#DIV/0!,#DIV/0!
52.47632879,35.17319274
#DIV/0!,#DIV/0!
#DIV/0!,#DIV/0!
#DIV/0!,#DIV/0!
#DIV/0!,#DIV/0!
#DIV/0!,#DIV/0!
24.17260532,53.2884413
#DIV/0!,#DIV/0!
#DIV/0!,#DIV/0!
-15.43529106,0
82.24521838,0
#DIV/0!,#DIV/0!
#DIV/0!,#DIV/0!
#DIV/0!,#DIV/0!
20.29746297,0
-19.34206125,-12.51701844
-735.0789474,0
#DIV/0!,#DIV/0!
66.64961154,0
#DIV/0!,#DIV/0!
#DIV/0!,#DIV/0!
#DIV/0!,#DIV/0!
359,#DIV/0!
0.071165633,0
-154.7948003,-2.702990828
-284.3619413,0
78.90649053,-41.09090387
54.52735812,-72.95778054
442.8830556,0
#DIV/0!,#DIV/0!
#DIV/0!,#DIV/0!
-22.46799835,37.64747736
#DIV/0!,#DIV/0!
#DIV/0!,#DIV/0!
302.1223862,0
1.97689769,0
#DIV/0!,#DIV/0!
1.178247734,0
#DIV/0!,#DIV/0!
#DIV/0!,#DIV/0!
#DIV/0!,#DIV/0!
#DIV/0!,#DIV/0!
#DIV/0!,#DIV/0!
#DIV/0!,#DIV/0!
#DIV/0!,#DIV/0!
#DIV/0!,#DIV/0!
-91.68006466,147.9623375
42.09018038,0
#DIV/0!,#DIV/0!
#DIV/0!,#DIV/0!
#DIV/0!,#DIV/0!
#DIV/0!,#DIV/0!
#DIV/0!,#DIV/0!
#DIV/0!,#DIV/0!
-18.88766963,25.12450479
#DIV/0!,#DIV/0!
-31.58912392,9.605726534
-232.6976629,0
#DIV/0!,#DIV/0!
#DIV/0!,#DIV/0!
#DIV/0!,#DIV/0!
-80.1941938,81.10434139
-22.56850716,0
107.1052632,0
43.72560652,8.489861654
3490.333333,#DIV/0!
155.1341936,0
#DIV/0!,#DIV/0!
113.3318325,0
1.111724632,0
-46.36863099,-50.71136366
#DIV/0!,#DIV/0!
#DIV/0!,#DIV/0!
#DIV/0!,#DIV/0!
15.25029302,20.41016871
#DIV/0!,#DIV/0!
119.8308977,#DIV/0!
#DIV/0!,#DIV/0!
56.45476099,24.34061768
-8.008848717,32.78961152
#DIV/0!,#DIV/0!
125.21,0
115.399263,-102.4056714
#DIV/0!,#DIV/0!
1.157894737,0
#DIV/0!,#DIV/0!
#DIV/0!,#DIV/0!
191.8150259,0
4.750609187,-54.33655786
#DIV/0!,#DIV/0!
117.9622727,0
17.03096422,0
7.981481481,0
-31.38705092,-24.92794012
-277.7501431,241.7569832
1011.3125,#DIV/0!
#DIV/0!,#DIV/0!
19.43443836,0
39.58552563,39.84790933
#DIV/0!,#DIV/0!
-50.32622631,156.3514658
75.62603688,#DIV/0!
#DIV/0!,#DIV/0!
#DIV/0!,#DIV/0!
-43.18164668,-124.3692855
-5.671101695,0
#DIV/0!,#DIV/0!
#DIV/0!,#DIV/0!
#DIV/0!,#DIV/0!
#DIV/0!,#DIV/0!
#DIV/0!,#DIV/0!
146.1154612,-38.68929422
5.482627653,42.84734202
-47.71930338,#DIV/0!
-68.3725,#DIV/0!
#DIV/0!,#DIV/0!
1147.33,#DIV/0!
-268.895146,0
#DIV/0!,#DIV/0!
#DIV/0!,#DIV/0!
97.29988178,0
#DIV/0!,#DIV/0!
-18.25732729,#DIV/0!
#DIV/0!,#DIV/0!
67.30921787,-6.662312248
#DIV/0!,#DIV/0!
-38.16461667,0
133.6784141,0
#DIV/0!,#DIV/0!
#DIV/0!,#DIV/0!
#DIV/0!,#DIV/0!
3.14381419,-20.46871629
-149.8952096,-153.1459373
#DIV/0!,#DIV/0!
#DIV/0!,#DIV/0!
59.03952586,0
#DIV/0!,#DIV/0!
-24.12847672,-19.89024746
#DIV/0!,#DIV/0!
136.0888889,#DIV/0!
-5267.793103,0
#DIV/0!,#DIV/0!
#DIV/0!,#DIV/0!
4.313543318,0
#DIV/0!,#DIV/0!
13.5001371,0
#DIV/0!,#DIV/0!
24.65388889,0
#DIV/0!,#DIV/0!
18.36781795,83.67010969
#DIV/0!,#DIV/0!
#DIV/0!,#DIV/0!
-132.2572347,0
-34.19906875,0
57.75152027,#DIV/0!
#DIV/0!,#DIV/0!
#DIV/0!,#DIV/0!
1.409722222,0
21.97658074,8.207131127
-38.47027779,-31.74121689
#DIV/0!,#DIV/0!
#DIV/0!,#DIV/0!
8536.285714,#DIV/0!
-33.898559,-17.34014753
#DIV/0!,#DIV/0!
#DIV/0!,#DIV/0!
-48.80490081,67.2852985
#DIV/0!,#DIV/0!
-1555.48,0
-116.2018072,#DIV/0!
-104.20901,22.4715725
-33.5385513,12.8034599
162.7711023,0
8.417461175,0
162.3819095,0
216.1009251,0
#DIV/0!,#DIV/0!
#DIV/0!,#DIV/0!
-29.77404624,51.02534554
#DIV/0!,#DIV/0!
0.355835379,12.62049682
16.95563393,0
#DIV/0!,#DIV/0!
112.5270601,0
1288.041667,0
#DIV/0!,#DIV/0!
247.4519466,47.37944509
-2.085126144,0
-66.71847415,0
#DIV/0!,#DIV/0!
100.2008239,0
14.12721617,0
#DIV/0!,#DIV/0!
#DIV/0!,#DIV/0!
-24.88811979,21.63547633
-584.1433377,#DIV/0!
#DIV/0!,#DIV/0!
91.87580437,0
#DIV/0!,#DIV/0!
16.56994819,0
#DIV/0!,#DIV/0!
332.3484448,0
-75.19047619,0
#DIV/0!,#DIV/0!
6.511111111,0
#DIV/0!,#DIV/0!
468.1388235,140.4576056
155.868003,58.1610625
#DIV/0!,#DIV/0!
-244.6966667,0
19.12467532,0
#DIV/0!,#DIV/0!
#DIV/0!,#DIV/0!
-111.5443287,8.243270136
#DIV/0!,#DIV/0!
#DIV/0!,#DIV/0!
-1.297375633,0
#DIV/0!,#DIV/0!
#DIV/0!,#DIV/0!
3.790555744,-16.6689805
134.1988647,106.9320256
#DIV/0!,#DIV/0!
#DIV/0!,#DIV/0!
43.26990268,0
#DIV/0!,#DIV/0!
3.122807018,0
#DIV/0!,#DIV/0!
#DIV/0!,#DIV/0!
4.788427741,0
#DIV/0!,#DIV/0!
36.27875,0
2.560866794,0
-741.6315789,0
#DIV/0!,#DIV/0!
21.40155028,-98.78417163
-0.501231708,13.90429851
31.0162406,0
#DIV/0!,#DIV/0!
20.16666667,0
#DIV/0!,#DIV/0!
56.9247051,0
1.165,0
#DIV/0!,#DIV/0!
7.752746411,2.53388221
-279.9855869,0
#DIV/0!,#DIV/0!
-173.3767152,-163.8862582
635.3333333,0
#DIV/0!,#DIV/0!
1721.099014,2306.430952
#DIV/0!,#DIV/0!
64.27564798,-14.05486891
#DIV/0!,#DIV/0!
383.5213675,#DIV/0!
0,#DIV/0!
8.728333333,0
282.9383657,0
111.6666667,#DIV/0!
#DIV/0!,#DIV/0!
#DIV/0!,#DIV/0!
-48.5657377,#DIV/0!
#DIV/0!,#DIV/0!
#DIV/0!,#DIV/0!
0.632982456,0
#DIV/0!,#DIV/0!
294.3816628,0
-30.46012957,-30.80455697
#DIV/0!,#DIV/0!
#DIV/0!,#DIV/0!
#DIV/0!,#DIV/0!
14.86865653,0
#DIV/0!,#DIV/0!
-27.27607212,0
#DIV/0!,#DIV/0!
2,0
-614.4231667,0
1.039370079,0
#DIV/0!,#DIV/0!
#DIV/0!,#DIV/0!
383.9904167,#DIV/0!
30.15900341,-9.871868941
6420.763978,0
#DIV/0!,#DIV/0!
#DIV/0!,#DIV/0!
-182.5065769,0
74.85517241,55.89953725
-270.6937262,0
132.3202726,#DIV/0!
#DIV/0!,#DIV/0!
#DIV/0!,#DIV/0!
176.9770828,0
#DIV/0!,#DIV/0!
162.7723188,#DIV/0!
-19.40864101,4.700081486
45.97565952,-6.042831812
#DIV/0!,#DIV/0!
200.5754717,#DIV/0!
15.7,#DIV/0!
#DIV/0!,#DIV/0!
782.3333333,0
0.171166667,0
-136.9458623,0
-17.05955378,-14.50315225
-0.228912602,0
#DIV/0!,#DIV/0!
#DIV/0!,#DIV/0!
-129.6666667,#DIV/0!
#DIV/0!,#DIV/0!
10.33333333,0
#DIV/0!,#DIV/0!
#DIV/0!,#DIV/0!
#DIV/0!,#DIV/0!
72.03846154,0
43.2664875,-23.56654695
#DIV/0!,#DIV/0!
95.33083333,0
#DIV/0!,#DIV/0!
-11.12973498,-88.86226273
-67.02026804,6.220559467
#DIV/0!,#DIV/0!
11.03259389,-669.2933932
-21.90783246,-19.34678621
#DIV/0!,#DIV/0!
#DIV/0!,#DIV/0!
#DIV/0!,#DIV/0!
#DIV/0!,#DIV/0!
#DIV/0!,#DIV/0!
-734.6283333,0
-4.959664984,-40.14906787
-431.8230816,0
63.75,0
-35.37839938,0
#DIV/0!,#DIV/0!
-126.5982204,30.12869669
#DIV/0!,#DIV/0!
18.79582059,10.25885744
-322.844413,129.4223287
-137.3497461,0
#DIV/0!,#DIV/0!
171.8830119,0
-42.34668438,#DIV/0!
#DIV/0!,#DIV/0!
#DIV/0!,#DIV/0!
#DIV/0!,#DIV/0!
-0.421988256,9.881978041
32.09491251,65.04521282
-159.3333177,0
1147.033261,39.52666667
#DIV/0!,#DIV/0!
39.38944191,27.82805212
#DIV/0!,#DIV/0!
34.02919182,0
72.41566952,0
#DIV/0!,#DIV/0!
-59.13739837,0
#DIV/0!,#DIV/0!
-57.07207552,-12.07966526
