﻿LOOKUP_CAT_CODE,LOOKUP_CODE,LOOKUP_NAME,LOOKUP_DESCRIPTION,SORT_ORDER
"PART1","ADJUSTED_INCURRED_CLAIMS","Adjusted Incurred Claims ","2.1 Adjusted Incurred Claims (from Part 2, Line 2.17 & 2.18 respectively)",90
"PART1","AFTER_TAX_NET_GAIN","After-tax net gain / (loss) ","10.0 After-tax net gain / loss (Lines 1.8 – 2.11 – 3.4 – 4.6 – 5.8 + 7 + 8 – 9)",460
"PART1","AGNTS_AND_BROKERS_FEES_COMMS","Agents and brokers fees and commissions","5.4 Agents and brokers fees and commissions",350
"PART1","ACTIVITES_TO_PREVENT_HOSP_READM","Activites to prevent hospital readmission","4.2 Activites to prevent hospital readmission",270
"PART1","ALL_OTHER_CLAIMS_ADJ_EXPENSES","All other claims adjustment expenses","5.2 All other claims adjustment expenses",330
"PART1","COMMUNITY_BENEFIT_EXP","Community benefit expenditures ","5.7 Community benefit expenditures (exclude amounts reported already in Line 3.2c)",390
"PART1","COMMUNITY_BENEFIT_EXPENDITURES","Community Benefit Expenditures","3.2c Community Benefit Expenditures",230
"PART1","COST_CONTAINMENT_EXP_NOT_INCL","Cost containment expenses not included in quality improvement expenses on Line Number of life-years","5.1 Cost containment expenses not included in quality improvement expenses on Line ",320
"PART1","DIR_SALES_SALARIES_AND_BENEFITS","Direct sales salaries and benefits","5.3 Direct sales salaries and benefits",340
"PART1","FEDERAL_HIGH_RISK_POOLS","Federal high risk pools","1.2 Federal high risk pools ",20
"PART1","FEDERAL_INCOME_TAXES","Federal income taxes ","9.0 Federal income taxes ",450
"PART1","FEDERAL_TAXES_AND_ASSESSMENTS","Federal taxes and assessments","3.1 Federal taxes and assessments",200
"PART1","FEE_FOR_SERVICE_AND_CO_PAY_REV","Fee-for-service and co-pay revenue","2.10 Fee-for-service and co-pay revenue (net of expenses)",180
"PART1","FINES_PENLTS_OF_REG_AUTHORITIES","Fines and penalties of regulatory authorities","5.5b  Fines and penalties of regulatory authorities (not reported in Line 3.3)",370
"PART1","EST_REB_UNPAID_CURR_MLR_REP_YR","Estimated rebates unpaid at the end of the current MLR reporting year","2.9 Estimated rebates unpaid at the end of the current MLR reporting year",170
"PART1","EST_REB_UNPAID_PRIOR_MLR_REP_YR","Estimated rebates unpaid at the end of the prior MLR reporting year","2.8 Estimated rebates unpaid at the end of the prior MLR reporting year",160
"PART1","HITER_TO_HEALTH_IMPROVEMENT","Health Information Technology expenses related to health improvement","4.5 Health Information Technology expenses related to health improvement",300
"PART1","ICD10_IMPLEMENTATION_EXPENSES","ICD-10 Implementation expenses","5.9 ICD-10 implementation expenses (informational only)",410
"PART1","INC_FROM_FEES_OF_UNINS_PLANS","Income from fees of uninsured plans","7.0 Income from fees of uninsured plans",430
"PART1","IMP_PAT_SAFETY_REDUCE_MED_ERRS","Improve patient safety and reduce medical errors","4.3 Improve patient safety and reduce medical errors",280
"PART1","IMPROVE_HEALTH_OUTCOMES","Improve Health Outcomes","4.1 Improve Health Outcomes",260
"PART1","MEMBER_MONTHS","Member months","11.4 Member months",500
"PART1","NET_ASSUMED_CEDED_REINS_PREM","Net assumed less ceded reinsurance premium earned","1.5 Net assumed less ceded reinsurance premium earned (exclude amts reported already included in Line 1.1)",50
"PART1","NET_ASSUMED_LESS_CEDED_CLM_INC","Net assumed less ceded claims incurred","2.5 Net assumed less ceded claims incurred (exclude amounts reported already included in Line 2.1)",130
"PART1","NET_INCURRED_CLAIMS_AFTER_REINS","Net incurred claims after reinsurance","2.11 Net incurred claims after reinsurance (Line 2.1 + 2.5 + 2.6 + 2.7 – 2.8 + 2.9 – 2.10)",190
"PART1","NET_INVESTMENT_AND_OTHER_GAIN","Net investment and other gain / (loss)","8.0 Net investment and other gain / loss",440
"PART1","NUMBER_OF_COVERED_LIVES","Number of covered lives","11.2 Number of covered lives",480
"PART1","NUMBER_OF_GROUPS","Number of groups","11.3 Number of groups",490
"PART1","NUMBER_OF_LIFE_YEARS","Number of life-years","11.5 Number of life-years",510
"PART1","NUMBER_OF_POLICIES_CERTIFICATES","Number of policies/certificates","11.1 Number of policies/certificates",470
"PART1","OTH_ADJ_DUE_TO_MLR_CALC_CLM_INC","Other adjustments due to MLR calculation – claims incurred","2.6 Other adjustments due to MLR calculation – claims incurred",140
"PART1","OTH_ADJ_MLR_CALC_PREMIUM","Other adjustments due to MLR calculations Premium","1.6 Other adjustments due to MLR calculations Premium",60
"PART1","OTHER_GENERAL_AND_ADM_EXPENSES","Other general and administrative expenses","5.6 Other general and administrative expenses",380
"PART1","PHARMACEUTICAL_REBATES","Pharmaceutical rebates ","2.3 Pharmaceutical rebates ",110
"PART1","PRE_EARNED_INC_FED_STATE_HRP","Premium earned including federal and state high risk programs","1.4 Premium earned including federal and state high risk programs",40
"PART1","PRE_TAX_UNDERWRITING_GAIN","Pre-tax underwriting gain / loss (Lines 1.8 – 2.11 – 4.6 – 5.8 + 5.5a + 5.5b - Part 2 Line 2.16) ","6.0 Pre-tax underwriting gain / loss (Lines 1.8 – 2.11 – 4.6 – 5.8 + 5.5a + 5.5b - Part 2 Line 2.16) ",420
"PART1","PREM_EARN_INC_FASHRP_NET_REINS","Premium earned including federal and state high risk programs net of reinsurance ","1.8 Premium earned including federal and state high risk programs net of reinsurance (Lines 1.4 + 1.5 + 1.6 + 1.7)",80
"PART1","REBATES_PAID","Rebates paid","2.7 Rebates paid",150
"PART1","RISK_REVENUE","Risk revenue","1.7 Risk revenue",70
"PART1","STATE_HIGH_RISK_POOLS","State high risk pools","1.3 State high risk pools ",30
"PART1","STATE_INCOME_EXCISE_BUSINES_OTH","State income, excise, business, and other taxes excluded from premium","3.2a State income, excise, business, and other taxes excluded from premium",210
"PART1","PRESCRIPTION_DRUGS","Prescription drugs ","2.2 Prescription drugs ",100
"PART1","REG_AUTHORITY_LICENSES_AND_FEES","Regulatory authority licenses and fees","3.3 Regulatory authority licenses and fees",240
"PART1","STATE_PREMIUM_TAXES","State premium taxes ","3.2b State premium taxes ",220
"PART1","STATE_STOP_LOSS_MARKET","State stop loss, market stabilization and claim/census based assessments","2.4 State stop loss, market stabilization and claim/census based assessments",120
"PART1","STATE_TAXES_ASSMTS_NOT_EXC_PREM","State taxes and assessments not excluded from premium ","5.5a State taxes and assessments not excluded from premium (not reported in Line 3.2a)",360
"PART1","TOT_DEF_EXP_INCUR_IMP_HLT_CARE","Total of defined expenses incurred for improving health care quality ","4.6 Total of defined expenses incurred for improving health care quality ",310
"PART1","TOTAL_NON_CLAIMS_COSTS","Total non-claims costs ","5.8 Total non-claims costs (Lines 5.1 + 5.2 + 5.3 + 5.4 + 5.5a + 5.5b  + 5.6 + 5.7)",400
"PART1","TOTAL_DIRECT_PREMIUM_EARNED","Total direct premium earned ","1.1 Total direct premium earned ",10
"PART1","TOTAL_FED_AND_STATE_TAXES_FEES","Total Federal and State taxes and fees","3.4 Total Federal and State taxes and fees",250
"PART1","WELLNESS_AND_HEALTH_PROM_ACTS","Wellness and health promotion activities","4.4 Wellness and health promotion activities",290
"PART2","TOTAL_FRAUD_REC_RED_PAID_CLAIMS","Total fraud recoveries that reduced paid claims"," 2.16b Total fraud recoveries that reduced paid claims",880
"PART2","TOTAL_FRAUD_REDUCTION_EXPENSE","Total fraud reduction expense"," 2.16a Total fraud reduction expense",870
"PART2","TOTAL_DIRECT_PREMIUM_EARNED_1_11","Total direct premium earned ","1.11 Total direct premium earned (Lines 1.1 + 1.4 – 1.9 + 1.10)",630
"PART2","UNEARNED_PREMIUM_CURRENT_YEAR","Unearned premium current year","1.3 Unearned premium current year",540
"PART2","UNEARNED_PREMIUM_PRIOR_YEAR","Unearned premium prior year","1.2 Unearned premium prior year",530
"PART2","TOTAL_ADJ_INCURRED_CLAIMS_Q1","Total adjusted incurred claims as of 3/31 ","2.18 Total adjusted incurred claims as of 3/31 (Lines 2.1b + 2.2 + 2.4 + 2.6 – 2.7 + 2.8b + 2.9 + 2.11a + 2.11b – 2.12a + 2.13 + 2.14 + 2.15 + 2.16)",900
"PART2","TOTAL_ADJ_INCURRED_CLAIMS_YR","Total adjusted incurred claims as of 12/31 ","2.17. Total adjusted incurred claims as of 12/31 (Lines 2.1a + 2.2 – 2.3 + 2.4 – 2.5 + 2.6 – 2.7 + 2.8a + 2.9 - 2.10+ 2.11a + 2.11b – 2.11c - 2.12a + 2.12b + 2.13 + 2.14 + 2.15 + 2.16)",890
"PART2","RES_EXP_RAT_REFUNDS_CURR_YR","Reserve for experience rating refunds (rate credits) current year","2.9 Reserve for experience rating refunds rate credits current year",760
"PART2","RES_EXP_RAT_REFUNDS_PRIOR_YR","Reserve for experience rating refunds (rate credits) prior year","2.10 Reserve for experience rating refunds rate credits prior year",770
"PART2","PREMIUM_BALANCES_WRITTEN_OFF","Premium balances written off","1.9 Premium balances written off",610
"PART2","PREM_ASSUMED_UNDER_100_REINS","Premium assumed under 100% reinsurance ","1.13 Premium assumed under 100% reinsurance (informational only; already included in Line 1.1)",650
"PART2","PREM_CEDED_UNDER_100_REINS","Premium ceded under 100% reinsurance ","1.12 Premium ceded under 100% reinsurance (informational only; excluded from Line 1.1)",640
"PART2","PAID_MED_INC_POOLS_BON_CURR_YR","Paid medical incentive pools and bonuses current year","2.11a  Paid medical incentive pools and bonuses current year",780
"PART2","PRE_GROUP_CONVERSION_CHARGES","Group conversion charges","1.10 Group conversion charges",620
"PART2","PRE_RES_EXP_RAT_REF_CURR_YR","Reserve for experience rating refunds (rate credits) current year","1.6 Reserve for experience rating refunds rate credits current year",580
"PART2","PRE_RES_EXP_RAT_REF_PRIOR_YR","Reserve for experience rating refunds (rate credits) prior year","1.7 Reserve for experience rating refunds rate credits prior year",590
"PART2","EXP_RAT_REF_INC_REP_YR_FOLL_YR","Experience rating refunds incurred only in the reporting year and paid in the reporting year and through 3/31 of the following year","2.8b Experience rating refunds incurred only in the reporting year and paid in the reporting year and through 3/31 of the following year",750
"PART2","EXP_RAT_REFUNDS_INC_DATE_REP_YR","Experience rating refunds with all incurral dates that were paid in the reporting year","2.8a Experience rating refunds with all incurral dates that were paid in the reporting year",740
"PART2","EXP_RATING_REFUNDS_PAID_REP_YR","Experience rating refunds with all incurral dates that were paid in the reporting year","1.5a Experience rating refunds with all incurral dates that were paid in the reporting year",560
"PART2","EXP_RATING_REFUNDS_PAID_YR_Q1","Experience rating refunds incurred only in the reporting year and paid in the reporting year and through 3/31 of the following year","1.5b Experience rating refunds incurred only in the reporting year and paid in the reporting year and through 3/31 of the following year",570
"PART2","GROUP_CONVERSION_CHARGES","Group conversion charges","2.14 Group conversion charges",840
"PART2","HEALTHCARE_RECEIVABLES_CURR_YR","Healthcare receivables current year","2.12a Healthcare receivables current year",810
"PART2","HEALTHCARE_RECEIVABLES_PRIOR_YR","Healthcare receivables prior year","2.12b Healthcare receivables prior year",820
"PART2","DIRECT_PREMIUM_WRITTEN","Direct premium written","1.1 Direct premium written",520
"PART2","DIR_CLAIM_LIABILITY_CURR_YR","Direct claim liability current year","2.2 Direct claim liability current year",680
"PART2","DIR_CLAIM_LIABILITY_PRIOR_YR","Direct claim liability prior year","2.3 Direct claim liability prior year",690
"PART2","DIR_CLAIM_RESERVES_CURR_YR","Direct claim reserves current year","2.4 Direct claim reserves current year",700
"PART2","DIR_CLAIM_RESERVES_PRIOR_YR","Direct claim reserves prior year","2.5 Direct claim reserves prior year",710
"PART2","DIR_CONTRACT_RESERVES_CURR_YR","Direct contract reserves current year","2.6 Direct contract reserves current year",720
"PART2","DIR_CONTRACT_RESERVES_PRIOR_YR","Direct contract reserves prior year","2.7 Direct contract reserves prior year",730
"PART2","CONTINGENT_BEN_LAWSUIT_RESERVE","Contingent benefit and lawsuit reserves","2.13 Contingent benefit and lawsuit reserves",830
"PART2","BLENDED_RATE_ADJUSTMENT","Blended rate adjustment","2.15 Blended rate adjustment",850
"PART2","CHANGE_IN_RES_EXP_RAT_REFUNDS","Change in reserve for experience rating refunds ","1.8 Change in reserve for experience rating refunds (Lines 1.6 – 1.7)",600
"PART2","CHANGE_IN_UNEARNED_PREMIUM","Change in unearned premium ","1.4 Change in unearned premium (Lines 1.2 – 1.3)",550
"PART2","CLM_ALL_INCU_DATES_PAID_REP_YR","Claims with all incurral dates that were paid in the reporting year","2.1a Claims with all incurral dates that were paid in the reporting year",660
"PART2","CLM_INC_REP_YR_AND_FOLL_YR","Claims incurred only in the reporting year, and paid in the reporting year and through 3/31 of the following year","2.1b Claims incurred only in the reporting year, and paid in the reporting year and through 3/31 of the following year",670
"PART2","ALLOWABLE_FRAUD_REDUCTION_EXP","Allowable fraud reduction expense (the smaller of Lines 2.16a or 2.16b)","2.16 Allowable fraud reduction expense (the smaller of Lines 2.16a or 2.16b)",860
"PART2","ACC_MED_INC_POOLS_BON_CURR_YR","Accrued medical incentive pools and bonuses current year","2.11b  Accrued medical incentive pools and bonuses current year",790
"PART2","ACC_MED_INC_POOLS_BON_PRIOR_YR","Accrued medical incentive pools and bonuses prior year","2.11c  Accrued medical incentive pools and bonuses prior year",800
"PART3","CMM_INDIVIDUAL","Individual - Health Insurance Coverage","1.1a Individual - Health Insurance Coverage",910
"PART3","CMM_INDIVIDUAL_DEFERRED_CY","Deferred (CY) - Individual - Health Insurance Coverage","1.1c Deferred CY - Health Insurance Coverage",930
"PART3","CMM_INDIVIDUAL_DEFERRED_PY","Deferred (PY) - Individual -  Health Insurance Coverage","1.1b Deferred PY - Health Insurance Coverage",920
"PART3","CMM_INDIVIDUAL_TOTAL","Total - Individual - Health Insurance Coverage","1.1d Total - Health Insurance Coverage",940
"PART3","CMM_LARGE_GROUP","Large group - Health Insurance Coverage","1.3a Large group - Health Insurance Coverage",990
"PART3","CMM_LARGE_GROUP_DEFERRED_CY","Deferred (CY) - Large group - Health Insurance Coverage","1.3c Deferred CY - Health Insurance Coverage",1010
"PART3","CMM_LARGE_GROUP_DEFERRED_PY","Deferred (PY) - Large group - Health Insurance Coverage","1.3b Deferred PY - Health Insurance Coverage",1000
"PART3","CMM_LARGE_GROUP_TOTAL","Total - Large group - Health Insurance Coverage","1.3d Total - Health Insurance Coverage",1020
"PART3","CMM_SMALL_GROUP","Small group - Health Insurance Coverage","1.2a Small group - Health Insurance Coverage",950
"PART3","CMM_SMALL_GROUP_DEFERRED_CY","Deferred (CY) - Small group - Health Insurance Coverage","1.2c Deferred CY - Health Insurance Coverage",970
"PART3","CMM_SMALL_GROUP_DEFERRED_PY","Deferred (PY) - Small group - Health Insurance Coverage","1.2b Deferred PY - Health Insurance Coverage",960
"PART3","CMM_SMALL_GROUP_TOTAL","Total - Small group - Health Insurance Coverage","1.2d Total - Health Insurance Coverage",980
"PART3","EXPAT_LARGE_GROUP","Large group - Expatriate","3.2a Large group - Expatriate",1100
"PART3","EXPAT_LARGE_GROUP_DEFERRED_CY","Deferred (CY) - Expatriate","3.2c Deferred CY - Expatriate",1120
"PART3","EXPAT_LARGE_GROUP_DEFERRED_PY","Deferred (PY) - Expatriate","3.2b Deferred PY - Expatriate",1110
"PART3","EXPAT_LARGE_GROUP_TOTAL","Total - Expatriate","3.2d Total - Expatriate",1130
"PART3","EXPAT_SMALL_GROUP","Small group - Expatriate","3.1a Small group - Expatriate",1060
"PART3","EXPAT_SMALL_GROUP_DEFERRED_CY","Deferred (CY) - Expatriate","3.1c Deferred CY - Expatriate",1080
"PART3","EXPAT_SMALL_GROUP_DEFERRED_PY","Deferred (PY) - Expatriate","3.1b Deferred PY - Expatriate",1070
"PART3","EXPAT_SMALL_GROUP_TOTAL","Total- Expatriate","3.1d Total- Expatriate",1090
"PART3","PART3_TOTAL","Total","5.0 Total",1180
"PART3","OTH_GOVERNMENT_PROGRAM_PLANS","Government program plans - Other Business","4.1 Government program plans - Other Business",1140
"PART3","OTH_HEALTH_BUSINESS","Other health business - Other Business","4.2 Other health business - Other Business",1150
"PART3","OTH_UNINSURED_SELF_FUNDED_PLANS","Uninsured / Self-funded plans  - Other Business","4.4 Uninsured / Self-funded plans  - Other Business",1170
"PART3","OTH_AGGREGATE_2_RULE","Aggregate 2% rule - Other Business","4.3 Aggregate 2% rule - Other Business",1160
"PART3","MINI_MED_INDIVIDUAL","Individual - Mini-Med","2.1 Individual - Mini-Med",1030
"PART3","MINI_MED_LARGE_GROUP","Large group - Mini-Med","2.3 Large group - Mini-Med",1050
"PART3","MINI_MED_SMALL_GROUP","Small group - Mini-Med","2.2 Small group - Mini-Med",1040
"PART4","IMPROVE_HEALTH_OUTCOMES_1","3.a.1 Improve Health Outcomes","3.a.1 Improve Health Outcomes",1630
"PART4","IMPROVE_HEALTH_OUTCOMES_10","3.a.10 Improve Health Outcomes","3.a.10 Improve Health Outcomes",1720
"PART4","IMPROVE_HEALTH_OUTCOMES_2","3.a.2 Improve Health Outcomes","3.a.2 Improve Health Outcomes",1640
"PART4","IMPROVE_HEALTH_OUTCOMES_3","3.a.3 Improve Health Outcomes","3.a.3 Improve Health Outcomes",1650
"PART4","IMPROVE_HEALTH_OUTCOMES_4","3.a.4 Improve Health Outcomes","3.a.4 Improve Health Outcomes",1660
"PART4","IMPROVE_HEALTH_OUTCOMES_5","3.a.5 Improve Health Outcomes","3.a.5 Improve Health Outcomes",1670
"PART4","IMPROVE_HEALTH_OUTCOMES_6","3.a.6 Improve Health Outcomes","3.a.6 Improve Health Outcomes",1680
"PART4","IMPROVE_HEALTH_OUTCOMES_7","3.a.7 Improve Health Outcomes","3.a.7 Improve Health Outcomes",1690
"PART4","IMPROVE_HEALTH_OUTCOMES_8","3.a.8 Improve Health Outcomes","3.a.8 Improve Health Outcomes",1700
"PART4","IMPROVE_HEALTH_OUTCOMES_9","3.a.9 Improve Health Outcomes","3.a.9 Improve Health Outcomes",1710
"PART4","OTH_GEN_AND_ADM_EXPENSES_1","4.g.1 Other general and administrative expenses","4.g.1 Other general and administrative expenses",2550
"PART4","OTH_GEN_AND_ADM_EXPENSES_2","4.g.2 Other general and administrative expenses","4.g.2 Other general and administrative expenses",2560
"PART4","OTH_GEN_AND_ADM_EXPENSES_3","4.g.3 Other general and administrative expenses","4.g.3 Other general and administrative expenses",2570
"PART4","OTH_GEN_AND_ADM_EXPENSES_4","4.g.4 Other general and administrative expenses","4.g.4 Other general and administrative expenses",2580
"PART4","OTH_GEN_AND_ADM_EXPENSES_5","4.g.5 Other general and administrative expenses","4.g.5 Other general and administrative expenses",2590
"PART4","OTH_GEN_AND_ADM_EXPENSES_6","4.g.6 Other general and administrative expenses","4.g.6 Other general and administrative expenses",2600
"PART4","OTH_GEN_AND_ADM_EXPENSES_7","4.g.7 Other general and administrative expenses","4.g.7 Other general and administrative expenses",2610
"PART4","FED_TAXES_AND_ASSESSMENTS_1","2.a.1 Federal taxes and assessments","2.a.1 Federal taxes and assessments",1390
"PART4","FED_TAXES_AND_ASSESSMENTS_2","2.a.2 Federal taxes and assessments","2.a.2 Federal taxes and assessments",1400
"PART4","FED_TAXES_AND_ASSESSMENTS_3","2.a.3 Federal taxes and assessments","2.a.3 Federal taxes and assessments",1410
"PART4","FED_TAXES_AND_ASSESSMENTS_4","2.a.4 Federal taxes and assessments","2.a.4 Federal taxes and assessments",1420
"PART4","FED_TAXES_AND_ASSESSMENTS_5","2.a.5 Federal taxes and assessments","2.a.5 Federal taxes and assessments",1430
"PART4","FED_TAXES_AND_ASSESSMENTS_6","2.a.6 Federal taxes and assessments","2.a.6 Federal taxes and assessments",1440
"PART4","OTHER_TAXES_1","4.e.1 Other taxes","4.e.1 Other taxes",2410
"PART4","OTHER_TAXES_2","4.e.2 Other taxes","4.e.2 Other taxes",2420
"PART4","OTHER_TAXES_3","4.e.3 Other taxes","4.e.3 Other taxes",2430
"PART4","OTHER_TAXES_4","4.e.4 Other taxes","4.e.4 Other taxes",2440
"PART4","OTHER_TAXES_5","4.e.5 Other taxes","4.e.5 Other taxes",2450
"PART4","OTHER_TAXES_6","4.e.6 Other taxes","4.e.6 Other taxes",2460
"PART4","OTHER_TAXES_7","4.e.7 Other taxes","4.e.7 Other taxes",2470
"PART4","REG_AUTHORITY_LIC_FEES_1","2.d.1 Regulatory authority licenses and fees","2.d.1 Regulatory authority licenses and fees",1570
"PART4","REG_AUTHORITY_LIC_FEES_2","2.d.2 Regulatory authority licenses and fees","2.d.2 Regulatory authority licenses and fees",1580
"PART4","REG_AUTHORITY_LIC_FEES_3","2.d.3 Regulatory authority licenses and fees","2.d.3 Regulatory authority licenses and fees",1590
"PART4","REG_AUTHORITY_LIC_FEES_4","2.d.4 Regulatory authority licenses and fees","2.d.4 Regulatory authority licenses and fees",1600
"PART4","REG_AUTHORITY_LIC_FEES_5","2.d.5 Regulatory authority licenses and fees","2.d.5 Regulatory authority licenses and fees",1610
"PART4","REG_AUTHORITY_LIC_FEES_6","2.d.6 Regulatory authority licenses and fees","2.d.6 Regulatory authority licenses and fees",1620
"PART4","STATE_INS_PREM_OTH_TAXES_1","2.b.1 State insurance, premium and other taxes","2.b.1 State insurance, premium and other taxes",1450
"PART4","STATE_INS_PREM_OTH_TAXES_2","2.b.2 State insurance, premium and other taxes","2.b.2 State insurance, premium and other taxes",1460
"PART4","STATE_INS_PREM_OTH_TAXES_3","2.b.3 State insurance, premium and other taxes","2.b.3 State insurance, premium and other taxes",1470
"PART4","STATE_INS_PREM_OTH_TAXES_4","2.b.4 State insurance, premium and other taxes","2.b.4 State insurance, premium and other taxes",1480
"PART4","STATE_INS_PREM_OTH_TAXES_5","2.b.5 State insurance, premium and other taxes","2.b.5 State insurance, premium and other taxes",1490
"PART4","STATE_INS_PREM_OTH_TAXES_6","2.b.6 State insurance, premium and other taxes","2.b.6 State insurance, premium and other taxes",1500
"PART4","WELLNESS_AND_HEALTH_PROM_ACT_1","3.d.1 Wellness and health promotion activities","3.d.1 Wellness and health promotion activities",1930
"PART4","WELLNESS_AND_HEALTH_PROM_ACT_10","3.d.10 Wellness and health promotion activities","3.d.10 Wellness and health promotion activities",2020
"PART4","WELLNESS_AND_HEALTH_PROM_ACT_2","3.d.2 Wellness and health promotion activities","3.d.2 Wellness and health promotion activities",1940
"PART4","WELLNESS_AND_HEALTH_PROM_ACT_3","3.d.3 Wellness and health promotion activities","3.d.3 Wellness and health promotion activities",1950
"PART4","WELLNESS_AND_HEALTH_PROM_ACT_4","3.d.4 Wellness and health promotion activities","3.d.4 Wellness and health promotion activities",1960
"PART4","WELLNESS_AND_HEALTH_PROM_ACT_5","3.d.5 Wellness and health promotion activities","3.d.5 Wellness and health promotion activities",1970
"PART4","WELLNESS_AND_HEALTH_PROM_ACT_6","3.d.6 Wellness and health promotion activities","3.d.6 Wellness and health promotion activities",1980
"PART4","WELLNESS_AND_HEALTH_PROM_ACT_7","3.d.7 Wellness and health promotion activities","3.d.7 Wellness and health promotion activities",1990
"PART4","WELLNESS_AND_HEALTH_PROM_ACT_8","3.d.8 Wellness and health promotion activities","3.d.8 Wellness and health promotion activities",2000
"PART4","WELLNESS_AND_HEALTH_PROM_ACT_9","3.d.9 Wellness and health promotion activities","3.d.9 Wellness and health promotion activities",2010
"PART4","IMP_PAT_SAFETY_REDUCE_MED_ERR_1","3.c.1 Improve patient safety and reduce medical errors","3.c.1 Improve patient safety and reduce medical errors",1830
"PART4","IMP_PAT_SAFETY_REDUCE_MED_ERR_10","3.c.10 Improve patient safety and reduce medical errors","3.c.10 Improve patient safety and reduce medical errors",1920
"PART4","IMP_PAT_SAFETY_REDUCE_MED_ERR_2","3.c.2 Improve patient safety and reduce medical errors","3.c.2 Improve patient safety and reduce medical errors",1840
"PART4","IMP_PAT_SAFETY_REDUCE_MED_ERR_3","3.c.3 Improve patient safety and reduce medical errors","3.c.3 Improve patient safety and reduce medical errors",1850
"PART4","IMP_PAT_SAFETY_REDUCE_MED_ERR_4","3.c.4 Improve patient safety and reduce medical errors","3.c.4 Improve patient safety and reduce medical errors",1860
"PART4","IMP_PAT_SAFETY_REDUCE_MED_ERR_5","3.c.5 Improve patient safety and reduce medical errors","3.c.5 Improve patient safety and reduce medical errors",1870
"PART4","IMP_PAT_SAFETY_REDUCE_MED_ERR_6","3.c.6 Improve patient safety and reduce medical errors","3.c.6 Improve patient safety and reduce medical errors",1880
"PART4","IMP_PAT_SAFETY_REDUCE_MED_ERR_7","3.c.7 Improve patient safety and reduce medical errors","3.c.7 Improve patient safety and reduce medical errors",1890
"PART4","IMP_PAT_SAFETY_REDUCE_MED_ERR_8","3.c.8 Improve patient safety and reduce medical errors","3.c.8 Improve patient safety and reduce medical errors",1900
"PART4","IMP_PAT_SAFETY_REDUCE_MED_ERR_9","3.c.9 Improve patient safety and reduce medical errors","3.c.9 Improve patient safety and reduce medical errors",1910
"PART4","INCURRED_CLAIMS_1","1.1.  Incurred Claims","1.1.  Incurred Claims",1190
"PART4","INCURRED_CLAIMS_10","1.10.  Incurred Claims","1.10.  Incurred Claims",1280
"PART4","INCURRED_CLAIMS_11","1.11.  Incurred Claims","1.11.  Incurred Claims",1290
"PART4","INCURRED_CLAIMS_12","1.12.  Incurred Claims","1.12.  Incurred Claims",1300
"PART4","INCURRED_CLAIMS_13","1.13.  Incurred Claims","1.13.  Incurred Claims",1310
"PART4","INCURRED_CLAIMS_14","1.14.  Incurred Claims","1.14.  Incurred Claims",1320
"PART4","INCURRED_CLAIMS_15","1.15.  Incurred Claims","1.15.  Incurred Claims",1330
"PART4","INCURRED_CLAIMS_16","1.16.  Incurred Claims","1.16.  Incurred Claims",1340
"PART4","INCURRED_CLAIMS_17","1.17.  Incurred Claims","1.17.  Incurred Claims",1350
"PART4","INCURRED_CLAIMS_18","1.18.  Incurred Claims","1.18.  Incurred Claims",1360
"PART4","INCURRED_CLAIMS_19","1.19.  Incurred Claims","1.19.  Incurred Claims",1370
"PART4","INCURRED_CLAIMS_2","1.2.  Incurred Claims","1.2.  Incurred Claims",1200
"PART4","INCURRED_CLAIMS_20","1.20.  Incurred Claims","1.20.  Incurred Claims",1380
"PART4","INCURRED_CLAIMS_3","1.3.  Incurred Claims","1.3.  Incurred Claims",1210
"PART4","INCURRED_CLAIMS_4","1.4.  Incurred Claims","1.4.  Incurred Claims",1220
"PART4","INCURRED_CLAIMS_5","1.5.  Incurred Claims","1.5.  Incurred Claims",1230
"PART4","INCURRED_CLAIMS_6","1.6.  Incurred Claims","1.6.  Incurred Claims",1240
"PART4","INCURRED_CLAIMS_7","1.7.  Incurred Claims","1.7.  Incurred Claims",1250
"PART4","INCURRED_CLAIMS_8","1.8.  Incurred Claims","1.8.  Incurred Claims",1260
"PART4","INCURRED_CLAIMS_9","1.9.  Incurred Claims","1.9.  Incurred Claims",1270
"PART4","DIRECT_SALES_SAL_AND_BEN_1","4.c.1 Direct sales salaries and benefits","4.c.1 Direct sales salaries and benefits",2270
"PART4","DIRECT_SALES_SAL_AND_BEN_2","4.c.2 Direct sales salaries and benefits","4.c.2 Direct sales salaries and benefits",2280
"PART4","DIRECT_SALES_SAL_AND_BEN_3","4.c.3 Direct sales salaries and benefits","4.c.3 Direct sales salaries and benefits",2290
"PART4","DIRECT_SALES_SAL_AND_BEN_4","4.c.4 Direct sales salaries and benefits","4.c.4 Direct sales salaries and benefits",2300
"PART4","DIRECT_SALES_SAL_AND_BEN_5","4.c.5 Direct sales salaries and benefits","4.c.5 Direct sales salaries and benefits",2310
"PART4","DIRECT_SALES_SAL_AND_BEN_6","4.c.6 Direct sales salaries and benefits","4.c.6 Direct sales salaries and benefits",2320
"PART4","DIRECT_SALES_SAL_AND_BEN_7","4.c.7 Direct sales salaries and benefits","4.c.7 Direct sales salaries and benefits",2330
"PART4","HIT_EXP_RELATED_TO_HEALTH_IMP_1","3.e.1 Health Information Technology expenses related to health improvement","3.e.1 Health Information Technology expenses related to health improvement",2030
"PART4","HIT_EXP_RELATED_TO_HEALTH_IMP_10","3.e.10 Health Information Technology expenses related to health improvement","3.e.10 Health Information Technology expenses related to health improvement",2120
"PART4","HIT_EXP_RELATED_TO_HEALTH_IMP_2","3.e.2 Health Information Technology expenses related to health improvement","3.e.2 Health Information Technology expenses related to health improvement",2040
"PART4","HIT_EXP_RELATED_TO_HEALTH_IMP_3","3.e.3 Health Information Technology expenses related to health improvement","3.e.3 Health Information Technology expenses related to health improvement",2050
"PART4","HIT_EXP_RELATED_TO_HEALTH_IMP_4","3.e.4 Health Information Technology expenses related to health improvement","3.e.4 Health Information Technology expenses related to health improvement",2060
"PART4","HIT_EXP_RELATED_TO_HEALTH_IMP_5","3.e.5 Health Information Technology expenses related to health improvement","3.e.5 Health Information Technology expenses related to health improvement",2070
"PART4","HIT_EXP_RELATED_TO_HEALTH_IMP_6","3.e.6 Health Information Technology expenses related to health improvement","3.e.6 Health Information Technology expenses related to health improvement",2080
"PART4","HIT_EXP_RELATED_TO_HEALTH_IMP_7","3.e.7 Health Information Technology expenses related to health improvement","3.e.7 Health Information Technology expenses related to health improvement",2090
"PART4","HIT_EXP_RELATED_TO_HEALTH_IMP_8","3.e.8 Health Information Technology expenses related to health improvement","3.e.8 Health Information Technology expenses related to health improvement",2100
"PART4","HIT_EXP_RELATED_TO_HEALTH_IMP_9","3.e.8 Health Information Technology expenses related to health improvement","3.e.9 Health Information Technology expenses related to health improvement",2110
"PART4","COMM_BEN_EXP_NOT_FOR_PROFIT_1","2.c.1 Community Benefit Expenditures (Not for Profit Entities)","2.c.1 Community Benefit Expenditures Not for Profit Entities",1510
"PART4","COMM_BEN_EXP_NOT_FOR_PROFIT_2","2.c.2 Community Benefit Expenditures (Not for Profit Entities)","2.c.2 Community Benefit Expenditures Not for Profit Entities",1520
"PART4","COMM_BEN_EXP_NOT_FOR_PROFIT_3","2.c.3 Community Benefit Expenditures (Not for Profit Entities)","2.c.3 Community Benefit Expenditures Not for Profit Entities",1530
"PART4","COMM_BEN_EXP_NOT_FOR_PROFIT_4","2.c.4 Community Benefit Expenditures (Not for Profit Entities)","2.c.4 Community Benefit Expenditures Not for Profit Entities",1540
"PART4","COMM_BEN_EXP_NOT_FOR_PROFIT_5","2.c.5 Community Benefit Expenditures (Not for Profit Entities)","2.c.5 Community Benefit Expenditures Not for Profit Entities",1550
"PART4","COMM_BEN_EXP_NOT_FOR_PROFIT_6","2.c.6 Community Benefit Expenditures (Not for Profit Entities)","2.c.6 Community Benefit Expenditures Not for Profit Entities",1560
"PART4","COST_CONT_EXP_INC_QTY_IMP_EXP_1","4.a.1 Cost containment expenses not included in quality improvement expenses","4.a.1 Cost containment expenses not included in quality improvement expenses",2130
"PART4","COST_CONT_EXP_INC_QTY_IMP_EXP_2","4.a.2 Cost containment expenses not included in quality improvement expenses","4.a.2 Cost containment expenses not included in quality improvement expenses",2140
"PART4","COST_CONT_EXP_INC_QTY_IMP_EXP_3","4.a.3 Cost containment expenses not included in quality improvement expenses","4.a.3 Cost containment expenses not included in quality improvement expenses",2150
"PART4","COST_CONT_EXP_INC_QTY_IMP_EXP_4","4.a.4 Cost containment expenses not included in quality improvement expenses","4.a.4 Cost containment expenses not included in quality improvement expenses",2160
"PART4","COST_CONT_EXP_INC_QTY_IMP_EXP_5","4.a.5 Cost containment expenses not included in quality improvement expenses","4.a.5 Cost containment expenses not included in quality improvement expenses",2170
"PART4","COST_CONT_EXP_INC_QTY_IMP_EXP_6","4.a.6 Cost containment expenses not included in quality improvement expenses","4.a.6 Cost containment expenses not included in quality improvement expenses",2180
"PART4","COST_CONT_EXP_INC_QTY_IMP_EXP_7","4.a.7 Cost containment expenses not included in quality improvement expenses","4.a.7 Cost containment expenses not included in quality improvement expenses",2190
"PART4","COMMUNITY_BENEFIT_EXP_1","4.f.1 Community Benefit Expenditures","4.f.1 Community Benefit Expenditures",2480
"PART4","COMMUNITY_BENEFIT_EXP_2","4.f.2 Community Benefit Expenditures","4.f.2 Community Benefit Expenditures",2490
"PART4","COMMUNITY_BENEFIT_EXP_3","4.f.3 Community Benefit Expenditures","4.f.3 Community Benefit Expenditures",2500
"PART4","COMMUNITY_BENEFIT_EXP_4","4.f.4 Community Benefit Expenditures","4.f.4 Community Benefit Expenditures",2510
"PART4","COMMUNITY_BENEFIT_EXP_5","4.f.5 Community Benefit Expenditures","4.f.5 Community Benefit Expenditures",2520
"PART4","COMMUNITY_BENEFIT_EXP_6","4.f.6 Community Benefit Expenditures","4.f.6 Community Benefit Expenditures",2530
"PART4","COMMUNITY_BENEFIT_EXP_7","4.f.7 Community Benefit Expenditures","4.f.7 Community Benefit Expenditures",2540
"PART4","ACT_PREVENT_HOSP_READM_1","3.b.1 Activites to prevent hospital readmission","3.b.1 Activites to prevent hospital readmission",1730
"PART4","ACT_PREVENT_HOSP_READM_10","3.b.10 Activites to prevent hospital readmission","3.b.10 Activites to prevent hospital readmission",1820
"PART4","ACT_PREVENT_HOSP_READM_2","3.b.2 Activites to prevent hospital readmission","3.b.2 Activites to prevent hospital readmission",1740
"PART4","ACT_PREVENT_HOSP_READM_3","3.b.3 Activites to prevent hospital readmission","3.b.3 Activites to prevent hospital readmission",1750
"PART4","ACT_PREVENT_HOSP_READM_4","3.b.4 Activites to prevent hospital readmission","3.b.4 Activites to prevent hospital readmission",1760
"PART4","ACT_PREVENT_HOSP_READM_5","3.b.5 Activites to prevent hospital readmission","3.b.5 Activites to prevent hospital readmission",1770
"PART4","ACT_PREVENT_HOSP_READM_6","3.b.6 Activites to prevent hospital readmission","3.b.6 Activites to prevent hospital readmission",1780
"PART4","ACT_PREVENT_HOSP_READM_7","3.b.7 Activites to prevent hospital readmission","3.b.7 Activites to prevent hospital readmission",1790
"PART4","ACT_PREVENT_HOSP_READM_8","3.b.8 Activites to prevent hospital readmission","3.b.8 Activites to prevent hospital readmission",1800
"PART4","ACT_PREVENT_HOSP_READM_9","3.b.9 Activites to prevent hospital readmission","3.b.9 Activites to prevent hospital readmission",1810
"PART4","AGTS_AND_BRKRS_FEES_AND_COMM_1","4.d.1 Agents and brokers fees and commissions","4.d.1 Agents and brokers fees and commissions",2340
"PART4","AGTS_AND_BRKRS_FEES_AND_COMM_2","4.d.2 Agents and brokers fees and commissions","4.d.2 Agents and brokers fees and commissions",2350
"PART4","AGTS_AND_BRKRS_FEES_AND_COMM_3","4.d.3 Agents and brokers fees and commissions","4.d.3 Agents and brokers fees and commissions",2360
"PART4","AGTS_AND_BRKRS_FEES_AND_COMM_4","4.d.4 Agents and brokers fees and commissions","4.d.4 Agents and brokers fees and commissions",2370
"PART4","AGTS_AND_BRKRS_FEES_AND_COMM_5","4.d.5 Agents and brokers fees and commissions","4.d.5 Agents and brokers fees and commissions",2380
"PART4","AGTS_AND_BRKRS_FEES_AND_COMM_6","4.d.6 Agents and brokers fees and commissions","4.d.6 Agents and brokers fees and commissions",2390
"PART4","AGTS_AND_BRKRS_FEES_AND_COMM_7","4.d.7 Agents and brokers fees and commissions","4.d.7 Agents and brokers fees and commissions",2400
"PART4","ALL_OTH_CLAIMS_ADJ_EXP_1","4.b.1 All other claims adjustment expenses","4.b.1 All other claims adjustment expenses",2200
"PART4","ALL_OTH_CLAIMS_ADJ_EXP_2","4.b.2 All other claims adjustment expenses","4.b.2 All other claims adjustment expenses",2210
"PART4","ALL_OTH_CLAIMS_ADJ_EXP_3","4.b.3 All other claims adjustment expenses","4.b.3 All other claims adjustment expenses",2220
"PART4","ALL_OTH_CLAIMS_ADJ_EXP_4","4.b.4 All other claims adjustment expenses","4.b.4 All other claims adjustment expenses",2230
"PART4","ALL_OTH_CLAIMS_ADJ_EXP_5","4.b.5 All other claims adjustment expenses","4.b.5 All other claims adjustment expenses",2240
"PART4","ALL_OTH_CLAIMS_ADJ_EXP_6","4.b.6 All other claims adjustment expenses","4.b.6 All other claims adjustment expenses",2250
"PART4","ALL_OTH_CLAIMS_ADJ_EXP_7","4.b.7 All other claims adjustment expenses","4.b.7 All other claims adjustment expenses",2260
"PART5","ADJ_EARNED_PREMIUM_LIC_REG_FEE","Adjusted earned premium less Federal and State taxes and licensing or regulatory fees ","5.3 Adjusted earned premium less Federal and State taxes and licensing or regulatory fees (Line 2.3 CY)",2830
"PART5","ADJ_INCURRED_CLAIMS","Adjusted incurred claims (from Part 1, Line ) as of 12/31","1.1 Adjusted incurred claims (from Part 1, Line ) as of 12/31",2620
"PART5","ADJ_INCURRED_CLAIMS_RESTATED_Q1","Adjusted incurred claims restated as of March 31","1.2 Adjusted incurred claims for prior year restated as of March 31 following the current MLR reporting year",2630
"PART5","CREDIBILITY_ADJ_FACTOR_LN3_5","Credibility adjustment factor ","4.3 Credibility adjustment factor (Line 3.5)",2790
"PART5","CREDIBILITY_ADJUSTED_MLR","Credibility-adjusted MLR ","4.4 Credibility-adjusted MLR (Lines 4.2a or 4.2b + 4.3)",2800
"PART5","CREDIBILITY_ADJUSTED_MLR_LN4_4","Credibility-adjusted MLR (Line 4.4)","5.2 Credibility-adjusted MLR (Line 4.4)",2820
"PART5","CREDIBILITY_ADJUSTMENT_FACTOR","Credibility adjustment factor ","3.5 Credibility adjustment factor (Lines 3.2 x 3.4)",2750
"PART5","DEDUCTIBLE_FACTOR","Deductible factor","3.4 Deductible factor",2740
"PART5","IS_EXPERIENCE_CREDIBLE","Is experience credible?","4.1 Is experience credible?",2760
"PART5","FED_STATE_TAXES_LIC_OR_REG_FEE","Federal and State taxes and licensing or regulatory fees ","2.2 Federal and State taxes and licensing or regulatory fees (from Part 1, Line 3.4)",2690
"PART5","LIFE_YEARS_TO_DETERMINE_CRED","Life years to determine credibility ","3.1 Life years to determine credibility (from Part 1, Line 11.5)",2710
"PART5","QUALITY_IMPROVEMENT_EXPENSES","Quality improvement expenses ","1.3 Quality improvement expenses (from Part 1, Line 4.6)",2640
"PART5","REBATE_AMT_CREDIBILITY_ADJ_MLR","Rebate amount if credibility-adjusted MLR is less than MLR standard ","5.4 Rebate amount if credibility-adjusted MLR is less than MLR standard (Lines (5.1 – 5.2) x 5.3)",2840
"PART5","PREMIUM_EARNED_INCLUDING_FSHRP","Premium earned including federal and state high risk programs","2.1 Premium earned including federal and state high risk programs (from Part 1, Line 1.4)",2680
"PART5","PRELIMINARY_MLR","Preliminary MLR (Lines 1.5 / 2.3)","4.2a  Preliminary MLR (Lines 1.5 / 2.3, as calculated in the Total column of this Part on the MLR Form submitted for the relevant MLR reporting year)",2770
"PART5","PRELIMINARY_MLR_MINI_MED_EXPAT","Preliminary MLR: 'Mini-Med' & Expatriate ","4.2b  Preliminary MLR: 'Mini-Med' & Expatriate (Lines 1.6 / 2.3, as calculated in the Total column of this Part on the MLR Form submitted for the relevant MLR reporting year)",2780
"PART5","AVERAGE_DEDUCTIBLE","Average deductible","3.3 Average deductible",2730
"PART5","BASE_CREDIBILITY_FACTOR","Base credibility factor","3.2 Base credibility factor",2720
"PART5","MLR_DENOMINATOR","MLR denominator ","2.3 MLR denominator (Lines 2.1 – 2.2)",2700
"PART5","MLR_NUMERATOR","MLR numerator","1.5 MLR numerator (Lines 1.2 + 1.3 + 1.4)",2660
"PART5","MLR_NUMERATOR_MINI_MED_EXPAT","MLR numerator: Mini-Med  & Expatriate ","1.6 MLR numerator: Mini-Med & Expatriate (Line 1.5 x adjustment factor)",2670
"PART5","MLR_REBATES_PAID_BASED_EXP","MLR rebates paid based on 2011 or 2012 experience","1.4 MLR rebates paid based on 2011 or 2012 experience",2650
"PART5","MLR_STANDARD","MLR standard","5.1 MLR standard",2810
"PART6","NO_OF_POL_HOLDS_REB_DE_MINIMIS","Number of policyholders whose rebate would be de minimis","3.c  Number of policyholders whose rebate would be de minimis",2890
"PART6","NO_OF_POLICIES_CERTS","Number of policies / certificates","2.0 Number of policies / certificates  (from Part 1 Line 11.1)",2860
"PART6","NO_OF_POLICYHOLDERS_OWN_A_REB","Number of policyholders being paid a rebate","3.a  Number of policyholders being paid a rebate",2870
"PART6","NO_OF_SUBSCRIBERS_OWED_A_REB","Number of subscribers being paid a rebate","3.b. Number of subscribers being paid a rebate",2880
"PART6","NO_RECEIVE_PREMIUM_CREDIT","Number of subscribers whose rebate would be de minimis","3.d  Number of subscribers whose rebate would be de minimis",2900
"PART6","TOTAL_AMOUNT_OF_REBATES","Total amount of rebates  ","4.a Total amount of rebates  ",2910
"PART6","IS_REBATE_OWED","Is rebate being paid?","1.0 Is rebate being paid?",2850
"PART6","AMT_OF_DE_MINIMIS_REBATES","Amount of de minimis rebates","4.b Amount of de minimis rebates",2920
"PART6","AMT_REBATES_PAID_BY_PREM_CREDIT","Amount of rebates being paid by premium credit","4.c Amount of rebates being paid by premium credit",2930
"PART6","AMT_REBATES_PAID_LUMP_SUM_REIMB","Amount of rebates being paid by lump-sum reimbursement","4.d Amount of rebates being paid by lump-sum reimbursement",2940
"PART6","AMT_UNCLAIM_REBATE_PRIOR_REP_YR","Amount of unclaimed rebates from prior MLR reporting year","5.0 Amount of unclaimed rebates from prior MLR reporting year",2950
