2015RiskAdj,2014RiskAdj,2015RiskAdjNo0,2014RiskAdjNo0
6120.333333,28.65120758,6120.333333,28.65120758
2323.088068,1582.359307,2323.088068,1582.359307
1745.474775,916.8567391,1745.474775,916.8567391
1559.612099,49.64368771,1559.612099,49.64368771
710.6279193,346.6009615,710.6279193,346.6009615
682.6422222,0,682.6422222,0
632.5916667,-36.70172652,632.5916667,-36.70172652
597.8348763,409.4643566,597.8348763,409.4643566
548.19,319.0247826,548.19,319.0247826
545.2620581,436.5517553,545.2620581,436.5517553
476.4950064,243.0762108,476.4950064,243.0762108
438.1288144,372.0544031,438.1288144,372.0544031
338.7713953,23.7875,338.7713953,23.7875
280.9564733,-0.830775525,280.9564733,-0.830775525
268.0369293,236.9033081,268.0369293,236.9033081
267.6544233,-103.8794643,267.6544233,-103.8794643
242.6577917,-122.6331878,242.6577917,-122.6331878
242.2847578,115.6633722,242.2847578,115.6633722
242.0082919,378.2233503,242.0082919,378.2233503
239.7451934,0,239.7451934,0
231.6549194,78.50898204,231.6549194,78.50898204
204.900255,259.021296,204.900255,259.021296
203.1907817,-6.083223075,203.1907817,-6.083223075
196.8725169,-51.94764398,196.8725169,-51.94764398
195.6486486,45.50546249,195.6486486,45.50546249
178.4110873,72.68292937,178.4110873,72.68292937
170.0610256,140.3072727,170.0610256,140.3072727
156.6983878,112.9815083,156.6983878,112.9815083
148.5378472,-185.0472441,148.5378472,-185.0472441
148.4977318,164.9404933,148.4977318,164.9404933
147.4653669,85.76106138,147.4653669,85.76106138
146.0191385,65.37444281,146.0191385,65.37444281
144.8133163,98.42157764,144.8133163,98.42157764
143.28375,0,143.28375,0
141.9159936,-123.7593037,141.9159936,-123.7593037
137.5503324,184.5940309,137.5503324,184.5940309
134.4892961,185.5146417,134.4892961,185.5146417
124.3692855,0,124.3692855,0
123.3305955,80.44678523,123.3305955,80.44678523
122.0761852,0,122.0761852,0
120.349325,80.20025708,120.349325,80.20025708
119.4661111,50.56933333,119.4661111,50.56933333
118.9658369,22.36461295,118.9658369,22.36461295
116.8278406,108.5060943,116.8278406,108.5060943
112.4077533,41.07120436,112.4077533,41.07120436
112.3055186,268.6569844,112.3055186,268.6569844
110.2166667,125.6155932,110.2166667,125.6155932
109.3355007,-54.55075758,109.3355007,-54.55075758
108.5358383,36.94427671,108.5358383,36.94427671
107.6277306,187.5534712,107.6277306,187.5534712
106.3949426,76.54966331,106.3949426,76.54966331
102.4238172,48.08725936,102.4238172,48.08725936
102.1473708,98.76965316,102.1473708,98.76965316
99.79888418,3.997386159,99.79888418,3.997386159
98.78417163,0,98.78417163,0
96.76006803,0,96.76006803,0
96.21226139,0,96.21226139,0
95.08854228,-7.241975712,95.08854228,-7.241975712
90.13603906,76.83784017,90.13603906,76.83784017
89.60983789,123.0974628,89.60983789,123.0974628
89.49884734,119.627544,89.49884734,119.627544
89.18913171,181.6057648,89.18913171,181.6057648
88.56657447,162.0081588,88.56657447,162.0081588
87.83566652,55.2227018,87.83566652,55.2227018
87.37745,26.08174387,87.37745,26.08174387
86.42332885,119.3484556,86.42332885,119.3484556
86.20875449,39.4297453,86.20875449,39.4297453
83.9064228,90.61826479,83.9064228,90.61826479
82.93915933,60.85382456,82.93915933,60.85382456
81.32966433,-3.418652811,81.32966433,-3.418652811
80.03132488,13.19620623,80.03132488,13.19620623
79.91486452,107.7429166,79.91486452,107.7429166
79.81983978,53.46783306,79.81983978,53.46783306
79.48349515,45.36991718,79.48349515,45.36991718
78.11266601,0,78.11266601,0
77.45043182,0,77.45043182,0
76.65731653,120.2591578,76.65731653,120.2591578
75.03069982,139.8125146,75.03069982,139.8125146
74.68422295,51.65884991,74.68422295,51.65884991
73.58572099,32.69441487,73.58572099,32.69441487
73.18321271,6.160233421,73.18321271,6.160233421
71.41103731,53.09407839,71.41103731,53.09407839
70.42543234,-31.98023908,70.42543234,-31.98023908
67.65374383,24.5278114,67.65374383,24.5278114
65.78841526,-5.653342455,65.78841526,-5.653342455
65.34656265,69.9356836,65.34656265,69.9356836
65.22329385,45.87650764,65.22329385,45.87650764
64.61741016,322.2683742,64.61741016,322.2683742
64.3662526,0.00122422,64.3662526,0.00122422
62.52788031,112.2043478,62.52788031,112.2043478
62.46795411,95.10888468,62.46795411,95.10888468
60.54963023,-28.31263251,60.54963023,-28.31263251
59.86809646,24.8145468,59.86809646,24.8145468
59.46493981,32.89260796,59.46493981,32.89260796
59.00416935,3.517454985,59.00416935,3.517454985
58.58459844,19.25399837,58.58459844,19.25399837
57.11030965,32.81021289,57.11030965,32.81021289
54.23345545,1.51694517,54.23345545,1.51694517
52.93266129,2.050081766,52.93266129,2.050081766
52.23373007,0,52.23373007,0
52.18876071,56.28180415,52.18876071,56.28180415
52.1837159,0.623884555,52.1837159,0.623884555
51.68484575,90.58361007,51.68484575,90.58361007
51.42465782,29.37599477,51.42465782,29.37599477
51.21082516,467.4656085,51.21082516,467.4656085
51.02187423,14.8863266,51.02187423,14.8863266
51.01079264,32.81304725,51.01079264,32.81304725
50.30826366,8.135248347,50.30826366,8.135248347
50.10885736,32.02224972,50.10885736,32.02224972
47.4317764,15.69055951,47.4317764,15.69055951
46.65850359,51.40036806,46.65850359,51.40036806
46.16217669,8.034526923,46.16217669,8.034526923
46.00832957,58.81178947,46.00832957,58.81178947
45.99723796,4.906334087,45.99723796,4.906334087
45.81637427,-3.025817308,45.81637427,-3.025817308
45.03897513,35.28456589,45.03897513,35.28456589
44.61569967,24.47197767,44.61569967,24.47197767
44.59232028,13.78776331,44.59232028,13.78776331
44.55334806,19.68646853,44.55334806,19.68646853
43.97228852,12.03628233,43.97228852,12.03628233
43.81658375,42.46386551,43.81658375,42.46386551
43.27883237,20.53890678,43.27883237,20.53890678
43.15000288,20.71869516,43.15000288,20.71869516
42.7233977,-0.617854188,42.7233977,-0.617854188
42.490776,85.33811802,42.490776,85.33811802
42.24243844,154.7536244,42.24243844,154.7536244
41.68379502,24.34364749,41.68379502,24.34364749
41.35413333,0,41.35413333,0
41.12678437,104.7478273,41.12678437,104.7478273
40.88090185,32.93720144,40.88090185,32.93720144
40.46581143,10.52902376,40.46581143,10.52902376
39.25171829,2.72841533,39.25171829,2.72841533
39.03624677,-16.0264557,39.03624677,-16.0264557
39.01516801,19.59203036,39.01516801,19.59203036
39.00607591,43.7061574,39.00607591,43.7061574
38.3599792,-16.44053801,38.3599792,-16.44053801
36.97825312,24.89858785,36.97825312,24.89858785
36.56866618,0.608084425,36.56866618,0.608084425
36.50107175,-2.188222471,36.50107175,-2.188222471
35.60289889,27.08195736,35.60289889,27.08195736
35.54680332,16.65769447,35.54680332,16.65769447
35.40668427,26.46156558,35.40668427,26.46156558
35.14971092,13.46473412,35.14971092,13.46473412
34.4901227,21.47681505,34.4901227,21.47681505
34.21549753,10.2332819,34.21549753,10.2332819
33.6004851,11.51047821,33.6004851,11.51047821
33.16668063,39.80433523,33.16668063,39.80433523
32.4967389,1.305232572,32.4967389,1.305232572
32.25842212,-5.440686682,32.25842212,-5.440686682
31.62741545,36.94048893,31.62741545,36.94048893
31.49865869,21.62678975,31.49865869,21.62678975
31.40712049,28.62888025,31.40712049,28.62888025
31.4000378,-17.63293016,31.4000378,-17.63293016
31.16323292,30.97390534,31.16323292,30.97390534
30.9182453,40.22091048,30.9182453,40.22091048
30.4113473,216.4293086,30.4113473,216.4293086
29.95651728,39.9935839,29.95651728,39.9935839
29.81413683,0,29.81413683,0
29.41847353,39.75593935,29.41847353,39.75593935
28.73256716,74.06569892,28.73256716,74.06569892
28.70547546,3.355228758,28.70547546,3.355228758
28.50885752,22.97532855,28.50885752,22.97532855
27.08028649,-0.861616162,27.08028649,-0.861616162
26.74639729,3.179850338,26.74639729,3.179850338
26.52533127,11.05366063,26.52533127,11.05366063
26.31542644,-9.254991287,26.31542644,-9.254991287
25.98883098,23.52881025,25.98883098,23.52881025
25.95871761,11.84026461,25.95871761,11.84026461
25.57600072,44.34666298,25.57600072,44.34666298
25.36953544,107.6579805,25.36953544,107.6579805
24.89777786,50.11003435,24.89777786,50.11003435
24.7920892,206.1698194,24.7920892,206.1698194
24.67625333,32.88338446,24.67625333,32.88338446
24.4248321,-20.83511339,24.4248321,-20.83511339
24.37690908,34.59905455,24.37690908,34.59905455
23.30596047,1.102498785,23.30596047,1.102498785
22.085,0,22.085,0
21.48183352,-37.77815215,21.48183352,-37.77815215
20.40091937,38.44885248,20.40091937,38.44885248
20.38735526,0,20.38735526,0
20.3556703,10.92378825,20.3556703,10.92378825
20.20148805,3.251103755,20.20148805,3.251103755
20.1896326,170.2449267,20.1896326,170.2449267
19.9128165,0.022569034,19.9128165,0.022569034
19.18374971,27.43183188,19.18374971,27.43183188
18.8624765,5.857158774,18.8624765,5.857158774
18.1877419,5.637297702,18.1877419,5.637297702
18.00723189,3.816876315,18.00723189,3.816876315
17.82240506,-158.7235514,17.82240506,-158.7235514
17.8049121,11.09141976,17.8049121,11.09141976
17.56751211,-12.07545372,17.56751211,-12.07545372
17.38392866,7.195621325,17.38392866,7.195621325
17.34684343,16.42296561,17.34684343,16.42296561
17.22355713,4.55576389,17.22355713,4.55576389
17.03340638,-7.966101088,17.03340638,-7.966101088
16.43989386,22.29475272,16.43989386,22.29475272
16.42526427,-9.271370638,16.42526427,-9.271370638
16.39705589,0,16.39705589,0
16.2020087,-0.548348348,16.2020087,-0.548348348
15.99175069,-10.90952248,15.99175069,-10.90952248
15.4980702,-71.69977762,15.4980702,-71.69977762
15.47497578,0,15.47497578,0
15.30853523,55.51754758,15.30853523,55.51754758
14.43688297,0,14.43688297,0
14.24980163,-0.216572505,14.24980163,-0.216572505
13.79986431,7.757032503,13.79986431,7.757032503
13.61338063,21.7092758,13.61338063,21.7092758
13.31647481,-0.054619103,13.31647481,-0.054619103
12.52828573,2.190593126,12.52828573,2.190593126
12.15883747,-1.636378324,12.15883747,-1.636378324
12.15209572,5.292399908,12.15209572,5.292399908
12.01444484,4.825922465,12.01444484,4.825922465
11.96212184,0,11.96212184,0
11.81186183,4.160507503,11.81186183,4.160507503
11.79185428,3.58907605,11.79185428,3.58907605
11.61950697,2.475703676,11.61950697,2.475703676
11.58835974,2.921823126,11.58835974,2.921823126
10.98706173,5.865357823,10.98706173,5.865357823
10.94314187,22.29357857,10.94314187,22.29357857
10.50773062,30.91789933,10.50773062,30.91789933
10.24394215,3.491715024,10.24394215,3.491715024
10.21639905,-0.96855741,10.21639905,-0.96855741
10.15854147,6.145469239,10.15854147,6.145469239
10.14571163,-20.7994338,10.14571163,-20.7994338
10.08936969,0,10.08936969,0
9.967187245,-2.5498312,9.967187245,-2.5498312
9.963937367,2.742735323,9.963937367,2.742735323
9.941700799,100.3649415,9.941700799,100.3649415
9.71847383,18.48844424,9.71847383,18.48844424
9.682197097,1.389486921,9.682197097,1.389486921
9.303939479,0,9.303939479,0
8.931582862,6.464854311,8.931582862,6.464854311
8.601041009,0,8.601041009,0
8.590076726,-4.099017312,8.590076726,-4.099017312
8.45526885,29.11599677,8.45526885,29.11599677
8.448349978,7.10467798,8.448349978,7.10467798
7.935390458,1.034658841,7.935390458,1.034658841
7.738117702,-0.725604194,7.738117702,-0.725604194
7.463964497,-65.49381605,7.463964497,-65.49381605
7.309211616,2.834779426,7.309211616,2.834779426
7.307993499,-25.89563924,7.307993499,-25.89563924
7.033067406,-4.417201903,7.033067406,-4.417201903
6.790767918,1.292924109,6.790767918,1.292924109
6.788846107,48.9991155,6.788846107,48.9991155
6.649132081,8.804387132,6.649132081,8.804387132
6.376051409,13.84980329,6.376051409,13.84980329
5.571405958,13.43641018,5.571405958,13.43641018
5.542614427,6.85232551,5.542614427,6.85232551
5.299433555,0.453464039,5.299433555,0.453464039
4.943994218,6.471334541,4.943994218,6.471334541
4.767996876,-45.94336679,4.767996876,-45.94336679
3.97659039,-2.458804678,3.97659039,-2.458804678
3.964049348,133.386378,3.964049348,133.386378
3.753985647,-12.80778072,3.753985647,-12.80778072
3.660962986,8.686727033,3.660962986,8.686727033
3.511258739,7.500586453,3.511258739,7.500586453
3.406429636,108.1289387,3.406429636,108.1289387
3.358144278,-1.847270016,3.358144278,-1.847270016
3.335024009,2.233085299,3.335024009,2.233085299
3.067048392,4.808342241,3.067048392,4.808342241
2.972296306,-0.107160486,2.972296306,-0.107160486
2.790111598,5.934907313,2.790111598,5.934907313
2.733450751,5.604586152,2.733450751,5.604586152
2.685933683,-1.954639065,2.685933683,-1.954639065
2.457754901,1.500644245,2.457754901,1.500644245
2.379943932,-0.076049028,2.379943932,-0.076049028
2.334149755,58.233687,2.334149755,58.233687
2.125675245,0,2.125675245,0
2.114748322,-1.823739416,2.114748322,-1.823739416
2.109366837,-0.59362399,2.109366837,-0.59362399
2.08326461,0.923819334,2.08326461,0.923819334
2.026332811,11.90831085,2.026332811,11.90831085
1.995951793,1.710190855,1.995951793,1.710190855
1.623466424,8.109087321,1.623466424,8.109087321
1.46291489,3.28492342,1.46291489,3.28492342
0.798134295,-8.185439083,0.798134295,-8.185439083
0.698211194,0,0.698211194,0
0.672978631,-5.018282248,0.672978631,-5.018282248
0.643736651,-16.02524385,0.643736651,-16.02524385
0.491457014,-90.68228607,0.491457014,-90.68228607
0.43552445,-13.61934446,0.43552445,-13.61934446
0.36259042,-0.169992019,0.36259042,-0.169992019
0.140045435,7.186846315,0.140045435,7.186846315
0,-42.24939769,0,-42.24939769
0,-2.075185185,0,-2.075185185
0,0,0,0.70384243
0,0,0,45.77774792
0,0,0,96.47872996
0,0,-0.139928239,0.343165942
0,0,-0.191476884,0
0,0,-0.555927077,1.874391606
0,0,-0.59587552,0
0,0,-0.881022738,9.391364794
0,0,-1.297529576,-0.596608956
0,0,-1.824053355,3.010803569
0,0,-1.950217797,56.2108447
0,0,-2.206048519,-14.91421873
0,0,-2.39409815,34.95263829
0,0,-2.499683538,0
0,0,-2.618978156,-1.806696715
0,0,-3.105735489,-5.186174323
0,0,-3.167916667,3.4770819
0,0,-3.230572815,115.7905242
0,0,-3.478847346,-11.48837209
0,0,-3.585256841,-26.31661519
0,0,-3.743823648,-10.86836972
0,0,-3.758476331,-0.243013366
0,0,-3.773488556,-13.34739185
0,0,-3.949981812,26.86904465
0,0,-4.076342221,0
0,0,-4.817647913,12.97033283
0,0,-4.922469648,-0.466232129
0,0,-5.037375415,-21.06216931
0,0,-5.055807736,-6.935151195
0,0,-5.485502458,38.01818787
0,0,-5.901705607,0
0,0,-5.956450263,-13.06002986
0,0,-6.585047589,5.451754563
0,0,-6.598084103,-32.18138493
0,0,-6.664849128,7.145693558
0,0,-6.728893651,-7.174165396
0,0,-6.795959459,-4.162068966
0,0,-6.881136704,1.741630355
0,0,-7.387936258,-3.901391651
0,0,-7.415440586,-85.69239044
0,0,-7.548648649,1.255806748
0,0,-7.981511259,-40.69988078
0,0,-8.240901098,-12.04864306
0,0,-8.276530709,-0.033260573
0,0,-8.470246876,-9.505981848
0,0,-8.566069433,-12.48435901
0,0,-8.587920384,-1.901652687
0,0,-8.815003234,-47.45850212
0,0,-9.051098693,-2.830539225
0,0,-9.196707126,-41.08488437
0,0,-9.32948851,9.343844944
0,0,-9.444182594,-26.27493671
0,0,-9.590715129,-44.67207139
0,0,-9.765613955,0.493243488
0,0,-9.955895917,-21.30564772
0,0,-10.26520882,1.827215124
0,0,-10.45377465,0
0,0,-10.66992727,0.490332945
0,0,-10.675899,-10.18676447
0,0,-10.67913794,8.688578659
0,0,-10.86863546,16.65343839
0,0,-11.25673077,-30.75366476
0,0,-11.57144341,-3.617907398
0,0,-11.88938403,-5.168549008
0,0,-12.41701917,0
0,0,-12.5147474,20.66645516
0,0,-12.85297323,-12.05185906
0,0,-13.41704387,-14.92600383
0,0,-13.53519821,-1.688978477
0,0,-13.76428571,2292.666667
0,0,-14.80288856,226.9540946
0,0,-14.81891417,-11.78632129
0,0,-15.05398612,1.64728517
0,0,-15.30340975,12.29731579
0,0,-15.31397861,-71.08342872
0,0,-15.38835273,-41.47738288
0,0,-15.44477789,-5.494311649
0,0,-15.44762308,9.676881708
0,0,-15.60881608,-1.704517573
0,0,-16.08466804,-24.35145968
0,0,-16.3386634,133.9826421
0,0,-16.96019111,-50.17426853
0,0,-17.49456189,-25.39370939
0,0,-17.50233515,-25.69390725
0,0,-17.58963228,-17.304813
0,0,-17.95559163,-13.2977742
0,0,-17.96946571,-12.33795462
0,0,-18.17839809,14.61121344
0,0,-18.18166932,2.00460016
0,0,-18.27596681,1.378186367
0,0,-19.28884298,-5.868613139
0,0,-19.49130255,0
0,0,-20.3700443,0
0,0,-20.46677091,50.56880466
0,0,-20.51492559,-6.115648085
0,0,-20.57083286,-43.26917168
0,0,-20.676238,0
0,0,-20.7126984,-65.32453416
0,0,-20.75898878,62.9111209
0,0,-21.2883493,-25.06544581
0,0,-22.32015649,2.079905095
0,0,-23.23628049,0
0,0,-23.51683983,-44.33563861
0,0,-24.26405143,-7.841401113
0,0,-24.91091696,24.34928819
0,0,-24.9480398,2.373339812
0,0,-25.05921971,-39.56237196
0,0,-25.17423208,9.998960654
0,0,-25.27794155,0
0,0,-26.65154072,94.39974983
0,0,-26.67529712,-11.52254143
0,0,-26.70094513,57.19031799
0,0,-27.07635264,-92.59727764
0,0,-27.30793207,0
0,0,-27.35820445,-67.74834637
0,0,-27.39871535,-0.55955707
0,0,-27.59430154,-34.0445993
0,0,-27.85527137,-3.001017035
0,0,-28.18338695,-16.36288247
0,0,-28.44314621,-68.40728839
0,0,-28.5244541,-173.1918736
0,0,-28.67621873,-2.988692442
0,0,-28.81293956,-33.00770904
0,0,-29.24736906,-16.80723602
0,0,-29.31638702,-0.051705299
0,0,-29.47263559,0
0,0,-29.86606412,-5.525446434
0,0,-30.14515217,-67.26428591
0,0,-31.78759015,-29.25370794
0,0,-32.01859653,0
0,0,-32.10834265,0.139137903
0,0,-32.11423713,-34.6953307
0,0,-32.7323977,12.61354582
0,0,-33.24964852,-24.75978686
0,0,-33.66148668,-2.374031044
0,0,-33.78571429,0
0,0,-33.84615904,-24.24043251
0,0,-34.15918806,-8.63466539
0,0,-34.27079679,-24.17302571
0,0,-34.60486056,-11.57360619
0,0,-35.4118454,27.71003506
0,0,-35.50148472,0
0,0,-35.88469931,3.963210018
0,0,-36.02590691,-31.15118468
0,0,-36.43978524,-42.89195002
0,0,-37.88359333,-29.74094102
0,0,-38.52913629,0
0,0,-38.91808247,-40.62108881
0,0,-39.10635417,-73.34565818
0,0,-39.14242034,149.5453237
0,0,-40.56460515,12.89916147
0,0,-41.29133285,0
0,0,-41.44015444,0
0,0,-41.53175554,-21.70234742
0,0,-42.13772048,-3.875618261
0,0,-42.39743827,0
0,0,-42.92463626,-0.12388923
0,0,-43.41191624,-13.79613581
0,0,-44.48158,-0.081297254
0,0,-45.83462829,-50.02890515
0,0,-45.90418628,-50.03753002
0,0,-46.25003996,0
0,0,-46.26933805,-30.4470588
0,0,-46.45017195,-66.91888824
0,0,-46.59127975,0
0,0,-47.22902498,-4.126938553
0,0,-48.23510386,-34.35739251
0,0,-49.22734302,-128.1537336
0,0,-50.11133467,0
0,0,-50.92229926,-202.204359
0,0,-51.09509365,157.0851676
0,0,-51.10781204,-36.23341076
0,0,-51.39707625,-93.31430681
0,0,-52.68314633,34.70915514
0,0,-53.2884413,0
0,0,-54.17850413,-56.2306795
0,0,-54.23553585,-41.61503903
0,0,-54.29782586,26.57924706
0,0,-54.56344345,-66.21505921
0,0,-54.76143144,38.82401515
0,0,-55.14133251,15.21667311
0,0,-56.09148929,-33.61991679
0,0,-56.75240933,-105.6595463
0,0,-57.36338814,-20.57484954
0,0,-57.75117356,-1.297673146
0,0,-58.9538483,-1.534470064
0,0,-58.9948807,-61.13863451
0,0,-59.37675935,0
0,0,-59.41610365,0
0,0,-59.95178036,5.093432457
0,0,-60.05967162,-214.1209979
0,0,-60.73761119,-54.85558012
0,0,-61.52408955,-81.36076606
0,0,-61.61700476,-23.9695274
0,0,-62.16814138,-29.73185977
0,0,-62.26019067,0
0,0,-62.74912188,-87.677062
0,0,-62.7874862,-2.960412931
0,0,-63.24074705,-285.8417464
0,0,-63.60170724,-28.58606709
0,0,-63.76971869,-16.83750941
0,0,-66.44966037,-44.81418403
0,0,-67.61241788,-28.06403927
0,0,-68.21333563,-56.19691386
0,0,-68.25996178,-135.4269505
0,0,-68.31360382,84.53571429
0,0,-68.43959767,276.275876
0,0,-69.16600998,-21.78656489
0,0,-69.26450995,134.1315789
0,0,-71.94545417,-85.94802098
0,0,-71.96911387,-77.64924567
0,0,-74.24266876,-34.20327934
0,0,-74.30695481,-53.74271342
0,0,-74.62352378,-0.258979344
0,0,-75.60193548,146.4711278
0,0,-78.34887331,-9.603459812
0,0,-78.78747436,0
0,0,-79.78576924,-6.110900457
0,0,-80.81863159,43.95933114
0,0,-82.01231354,-82.71168872
0,0,-82.46943925,-30.73590389
0,0,-84.31104261,-102.8819232
0,0,-92.19221029,77.26893699
0,0,-95.37346267,-186.1114643
0,0,-96.8808192,-21.63886864
0,0,-102.445441,-51.86949968
0,0,-102.7123112,-7.32308096
0,0,-103.1344028,-104.3211549
0,0,-106.3923117,60.90513675
0,0,-106.707422,-135.2153554
0,0,-108.3176201,-32.25038601
0,0,-108.81,-25.50285918
0,0,-110.3189461,-3.386920491
0,0,-111.0134605,0
0,0,-111.9784591,-44.69316062
0,0,-112.8403226,-28.56009934
0,0,-113.8710471,0
0,0,-116.7124595,-0.115384962
0,0,-120.7116047,-18.47750094
0,0,-121.0831868,-39.9788454
0,0,-125.5928583,-132.2551706
0,0,-127.1026308,91.1793436
0,0,-128.6939183,-92.04758621
0,0,-130.1872163,-126.2373478
0,0,-136.5973988,0
0,0,-137.2536669,23.53776421
0,0,-140.4576056,0
0,0,-141.8968653,-57.32821676
0,0,-145.0030696,-194.6351861
0,0,-155.6286486,413.7106329
0,0,-155.8839228,-42.18540867
0,0,-165.6340659,-19.27742358
0,0,-166.1886128,37.54347988
0,0,-169.4934845,-18.82776686
0,0,-179.7459155,-46.41583333
0,0,-185.2128069,-118.5079409
0,0,-188.7291667,-149.2025
0,0,-189.1869747,-10.19398572
0,0,-196.8825059,-89.5023816
0,0,-220.5941667,-32.478875
0,0,-258.8888462,-110.9265086
0,0,-271.4577778,-7.913170103
0,0,-305.9541667,-147.6353488
0,0,-426.1452778,-421.3567568
0,0,-600.9058333,-551.7896552
0,0,-678.7308333,0
0,0,-1305.7125,0
0,0,-1557.350794,-252.1260417
0,0,,
0,0,,
0,0,,
0,0,,
0,0,,
0,0,,
0,0,,
0,0,,
0,0,,
0,0,,
0,0,,
0,0,,
0,0,,
0,0,,
0,0,,
0,0,,
0,0,,
0,0,,
0,0,,
0,0,,
0,0,,
0,0,,
0,0,,
0,0,,
0,0,,
0,0,,
0,0,,
0,0,,
0,0,,
0,0,,
0,0,,
0,0,,
0,0,,
0,0,,
0,0,,
0,0,,
0,0,,
0,0,,
0,0,,
0,0,,
0,0,,
0,0,,
0,0,,
0,0,,
0,0,,
0,0,,
0,0,,
0,0,,
0,0,,
0,0,,
0,0,,
0,0,,
0,0,,
0,0,,
0,0,,
0,0,,
0,0,,
0,0,,
0,0,,
0,0,,
0,0,,
0,0,,
0,0,,
0,0,,
0,0,,
0,0,,
0,0,,
0,0,,
0,0,,
0,0,,
0,0,,
0,0,,
0,0,,
0,0,,
0,0,,
0,0,,
0,0,,
0,0,,
0,0,,
0,0,,
0,0,,
0,0,,
0,0,,
0,0,,
0,0,,
0,0,,
0,0,,
0,0,,
0,0,,
0,0,,
0,0,,
0,0,,
0,0,,
0,0,,
0,0,,
0,0,,
0,0,,
0,0,,
0,0,,
0,0,,
0,0,,
0,0,,
0,0,,
0,0,,
0,0,,
0,0,,
0,0,,
0,0,,
0,0,,
0,0,,
0,0,,
0,0,,
0,0,,
0,0,,
0,0,,
0,0,,
0,0,,
0,0,,
0,0,,
0,0,,
0,0,,
0,0,,
0,0,,
0,0,,
0,0,,
0,0,,
0,0,,
0,0,,
0,0,,
0,0,,
0,0,,
0,0,,
0,0,,
0,0,,
0,0,,
0,0,,
0,0,,
0,0,,
0,0,,
0,0,,
0,0,,
0,0,,
0,0,,
0,0,,
0,0,,
0,0,,
0,0,,
0,0,,
0,0,,
0,0,,
0,0,,
0,0,,
0,0,,
0,0,,
0,0,,
0,0,,
0,0,,
0,0,,
0,0,,
0,0,,
0,0,,
0,0,,
0,0,,
0,0,,
0,0,,
0,0,,
0,0,,
0,0,,
0,0,,
0,0,,
0,0,,
0,0,,
0,0,,
0,0,,
0,0,,
0,0,,
0,0,,
0,0,,
0,0,,
0,0,,
0,0,,
0,0,,
0,0,,
0,0,,
0,0,,
0,0,,
0,0,,
0,0,,
0,0,,
0,0,,
0,0,,
0,0,,
0,0,,
0,0,,
0,0,,
0,0,,
0,0,,
0,0,,
0,0,,
0,0,,
0,0,,
0,0,,
0,0,,
0,0,,
0,0,,
0,0,,
0,0,,
0,0,,
0,0,,
0,0,,
0,0,,
0,0,,
0,0,,
0,0,,
0,0,,
0,0,,
0,0,,
0,0,,
0,0,,
0,0,,
0,0,,
0,0,,
0,0,,
0,0,,
0,0,,
0,0,,
0,0,,
0,0,,
0,0,,
0,0,,
0,0,,
0,0,,
0,0,,
0,0,,
0,0,,
0,0,,
0,0,,
0,0,,
0,0,,
0,0,,
0,0,,
0,0,,
0,0,,
0,0,,
0,0,,
0,0,,
0,0,,
0,0,,
0,0,,
0,0,,
0,0,,
0,0,,
0,0,,
0,0,,
0,0,,
0,0,,
0,0,,
0,0,,
0,0,,
0,0,,
0,0,,
0,0,,
0,0,,
0,0,,
0,0,,
0,0,,
0,0,,
0,0,,
0,0,,
0,0,,
0,0,,
0,0,,
0,0,,
0,0,,
0,0,,
0,0,,
0,0,,
0,0,,
0,0,,
0,0,,
0,0,,
0,0,,
0,0,,
0,0,,
0,0,,
0,0,,
0,0,,
0,0,,
0,0,,
0,0,,
0,0,,
0,0,,
0,0,,
0,0,,
0,0,,
0,0,,
0,0,,
0,0,,
0,0,,
0,0,,
0,0,,
0,0,,
0,0,,
0,0,,
0,0,,
0,0,,
0,0,,
0,0,,
0,0,,
0,0,,
0,0,,
0,0,,
0,0,,
0,0,,
0,0,,
0,0,,
0,0,,
0,0,,
0,0,,
0,0,,
0,0,,
0,0,,
0,0,,
0,0,,
0,0,,
0,0,,
0,0,,
0,0,,
0,0,,
0,0,,
0,0,,
0,0,,
0,0,,
0,0,,
0,0,,
0,0,,
0,0,,
0,0,,
0,0,,
0,0,,
0,0,,
0,0,,
0,0,,
0,0,,
0,0,,
0,0,,
0,0,,
0,0,,
0,0,,
0,0,,
0,0,,
0,0,,
0,0,,
0,0,,
0,0,,
0,0,,
0,0,,
0,0,,
0,0,,
0,0,,
0,0,,
0,0,,
0,0,,
0,0,,
0,0,,
0,0,,
0,0,,
0,0,,
0,0,,
0,0,,
0,0,,
0,0,,
0,0,,
0,0,,
0,0,,
0,0,,
0,0,,
0,0,,
0,0,,
0,0,,
0,0,,
0,0,,
0,0,,
0,0,,
0,0,,
0,0,,
0,0,,
0,0,,
0,0,,
0,0,,
0,0,,
0,0,,
0,0,,
0,0,,
0,0,,
0,0,,
0,0,,
0,0,,
0,0,,
0,0,,
0,0,,
0,0,,
0,0,,
0,0,,
0,0,,
0,0,,
0,0,,
0,0,,
0,0,,
0,0,,
0,0,,
0,0,,
0,0,,
0,0,,
0,0,,
0,0,,
0,0,,
0,0,,
0,0,,
0,0,,
0,0,,
0,0,,
0,0,,
0,0,,
0,0,,
0,0,,
0,0,,
0,0,,
0,0,,
0,0,,
0,0,,
0,0,,
0,0,,
0,0,,
0,0,,
0,0,,
0,0,,
0,0,,
0,0,,
0,0,,
0,0,,
0,0,,
0,0,,
0,0,,
0,0,,
0,0,,
0,0,,
0,0,,
0,0,,
0,0,,
0,0,,
0,0,,
0,0,,
0,0,,
0,0,,
0,0,,
0,0,,
0,0,,
0,0,,
0,0,,
0,0,,
0,0,,
0,0,,
0,0,,
0,0,,
0,0,,
0,0,,
0,0,,
0,0,,
0,0,,
0,0,,
0,0,,
0,0,,
0,0,,
0,0,,
0,0,,
0,0,,
0,0,,
0,0,,
0,0,,
0,0,,
0,0,,
0,0,,
0,0,,
0,0,,
0,0,,
0,0,,
0,0,,
0,0,,
0,0,,
0,0,,
0,0,,
0,0,,
0,0,,
0,0,,
0,0,,
0,0,,
0,0,,
0,0,,
0,0,,
0,0,,
0,0,,
0,0,,
0,0,,
0,0,,
0,0,,
0,0,,
0,0,,
0,0,,
0,0,,
0,0,,
0,0,,
0,0,,
0,0,,
0,0,,
0,0,,
0,0,,
0,0,,
0,0,,
0,0,,
0,0,,
0,0,,
0,0,,
0,0,,
0,0,,
0,0,,
0,0,,
0,0,,
0,0,,
0,0,,
0,0,,
0,0,,
0,0,,
0,0,,
0,0,,
0,0,,
0,0,,
0,0,,
0,0,,
0,0,,
0,0,,
0,0,,
0,0,,
0,0,,
0,0,,
0,0,,
0,0,,
0,0,,
0,0,,
0,0,,
0,0,,
0,0,,
0,0,,
0,0,,
0,0,,
0,0,,
0,0,,
0,0,,
0,0,,
0,0,,
0,0,,
0,0,,
0,0,,
0,0,,
0,0,,
0,0,,
0,0,,
0,0,,
0,0,,
0,0,,
0,0,,
0,0,,
0,0,,
0,0,,
0,0,,
0,0,,
0,0,,
0,0,,
0,0,,
0,0,,
0,0,,
0,0,,
0,0,,
0,0,,
0,0,,
0,0,,
0,0,,
0,0,,
0,0,,
0,0,,
0,0,,
0,0,,
0,0,,
0,0,,
0,0,,
0,0,,
0,0,,
0,0,,
0,0,,
0,0,,
0,0,,
0,0,,
0,0,,
0,0,,
0,0,,
0,0,,
0,0,,
0,0,,
0,0,,
0,0,,
0,0,,
0,0,,
0,0,,
0,0,,
0,0,,
0,0,,
0,0.70384243,,
0,45.77774792,,
0,96.47872996,,
-0.139928239,0.343165942,,
-0.191476884,0,,
-0.555927077,1.874391606,,
-0.59587552,0,,
-0.881022738,9.391364794,,
-1.297529576,-0.596608956,,
-1.824053355,3.010803569,,
-1.950217797,56.2108447,,
-2.206048519,-14.91421873,,
-2.39409815,34.95263829,,
-2.499683538,0,,
-2.618978156,-1.806696715,,
-3.105735489,-5.186174323,,
-3.167916667,3.4770819,,
-3.230572815,115.7905242,,
-3.478847346,-11.48837209,,
-3.585256841,-26.31661519,,
-3.743823648,-10.86836972,,
-3.758476331,-0.243013366,,
-3.773488556,-13.34739185,,
-3.949981812,26.86904465,,
-4.076342221,0,,
-4.817647913,12.97033283,,
-4.922469648,-0.466232129,,
-5.037375415,-21.06216931,,
-5.055807736,-6.935151195,,
-5.485502458,38.01818787,,
-5.901705607,0,,
-5.956450263,-13.06002986,,
-6.585047589,5.451754563,,
-6.598084103,-32.18138493,,
-6.664849128,7.145693558,,
-6.728893651,-7.174165396,,
-6.795959459,-4.162068966,,
-6.881136704,1.741630355,,
-7.387936258,-3.901391651,,
-7.415440586,-85.69239044,,
-7.548648649,1.255806748,,
-7.981511259,-40.69988078,,
-8.240901098,-12.04864306,,
-8.276530709,-0.033260573,,
-8.470246876,-9.505981848,,
-8.566069433,-12.48435901,,
-8.587920384,-1.901652687,,
-8.815003234,-47.45850212,,
-9.051098693,-2.830539225,,
-9.196707126,-41.08488437,,
-9.32948851,9.343844944,,
-9.444182594,-26.27493671,,
-9.590715129,-44.67207139,,
-9.765613955,0.493243488,,
-9.955895917,-21.30564772,,
-10.26520882,1.827215124,,
-10.45377465,0,,
-10.66992727,0.490332945,,
-10.675899,-10.18676447,,
-10.67913794,8.688578659,,
-10.86863546,16.65343839,,
-11.25673077,-30.75366476,,
-11.57144341,-3.617907398,,
-11.88938403,-5.168549008,,
-12.41701917,0,,
-12.5147474,20.66645516,,
-12.85297323,-12.05185906,,
-13.41704387,-14.92600383,,
-13.53519821,-1.688978477,,
-13.76428571,2292.666667,,
-14.80288856,226.9540946,,
-14.81891417,-11.78632129,,
-15.05398612,1.64728517,,
-15.30340975,12.29731579,,
-15.31397861,-71.08342872,,
-15.38835273,-41.47738288,,
-15.44477789,-5.494311649,,
-15.44762308,9.676881708,,
-15.60881608,-1.704517573,,
-16.08466804,-24.35145968,,
-16.3386634,133.9826421,,
-16.96019111,-50.17426853,,
-17.49456189,-25.39370939,,
-17.50233515,-25.69390725,,
-17.58963228,-17.304813,,
-17.95559163,-13.2977742,,
-17.96946571,-12.33795462,,
-18.17839809,14.61121344,,
-18.18166932,2.00460016,,
-18.27596681,1.378186367,,
-19.28884298,-5.868613139,,
-19.49130255,0,,
-20.3700443,0,,
-20.46677091,50.56880466,,
-20.51492559,-6.115648085,,
-20.57083286,-43.26917168,,
-20.676238,0,,
-20.7126984,-65.32453416,,
-20.75898878,62.9111209,,
-21.2883493,-25.06544581,,
-22.32015649,2.079905095,,
-23.23628049,0,,
-23.51683983,-44.33563861,,
-24.26405143,-7.841401113,,
-24.91091696,24.34928819,,
-24.9480398,2.373339812,,
-25.05921971,-39.56237196,,
-25.17423208,9.998960654,,
-25.27794155,0,,
-26.65154072,94.39974983,,
-26.67529712,-11.52254143,,
-26.70094513,57.19031799,,
-27.07635264,-92.59727764,,
-27.30793207,0,,
-27.35820445,-67.74834637,,
-27.39871535,-0.55955707,,
-27.59430154,-34.0445993,,
-27.85527137,-3.001017035,,
-28.18338695,-16.36288247,,
-28.44314621,-68.40728839,,
-28.5244541,-173.1918736,,
-28.67621873,-2.988692442,,
-28.81293956,-33.00770904,,
-29.24736906,-16.80723602,,
-29.31638702,-0.051705299,,
-29.47263559,0,,
-29.86606412,-5.525446434,,
-30.14515217,-67.26428591,,
-31.78759015,-29.25370794,,
-32.01859653,0,,
-32.10834265,0.139137903,,
-32.11423713,-34.6953307,,
-32.7323977,12.61354582,,
-33.24964852,-24.75978686,,
-33.66148668,-2.374031044,,
-33.78571429,0,,
-33.84615904,-24.24043251,,
-34.15918806,-8.63466539,,
-34.27079679,-24.17302571,,
-34.60486056,-11.57360619,,
-35.4118454,27.71003506,,
-35.50148472,0,,
-35.88469931,3.963210018,,
-36.02590691,-31.15118468,,
-36.43978524,-42.89195002,,
-37.88359333,-29.74094102,,
-38.52913629,0,,
-38.91808247,-40.62108881,,
-39.10635417,-73.34565818,,
-39.14242034,149.5453237,,
-40.56460515,12.89916147,,
-41.29133285,0,,
-41.44015444,0,,
-41.53175554,-21.70234742,,
-42.13772048,-3.875618261,,
-42.39743827,0,,
-42.92463626,-0.12388923,,
-43.41191624,-13.79613581,,
-44.48158,-0.081297254,,
-45.83462829,-50.02890515,,
-45.90418628,-50.03753002,,
-46.25003996,0,,
-46.26933805,-30.4470588,,
-46.45017195,-66.91888824,,
-46.59127975,0,,
-47.22902498,-4.126938553,,
-48.23510386,-34.35739251,,
-49.22734302,-128.1537336,,
-50.11133467,0,,
-50.92229926,-202.204359,,
-51.09509365,157.0851676,,
-51.10781204,-36.23341076,,
-51.39707625,-93.31430681,,
-52.68314633,34.70915514,,
-53.2884413,0,,
-54.17850413,-56.2306795,,
-54.23553585,-41.61503903,,
-54.29782586,26.57924706,,
-54.56344345,-66.21505921,,
-54.76143144,38.82401515,,
-55.14133251,15.21667311,,
-56.09148929,-33.61991679,,
-56.75240933,-105.6595463,,
-57.36338814,-20.57484954,,
-57.75117356,-1.297673146,,
-58.9538483,-1.534470064,,
-58.9948807,-61.13863451,,
-59.37675935,0,,
-59.41610365,0,,
-59.95178036,5.093432457,,
-60.05967162,-214.1209979,,
-60.73761119,-54.85558012,,
-61.52408955,-81.36076606,,
-61.61700476,-23.9695274,,
-62.16814138,-29.73185977,,
-62.26019067,0,,
-62.74912188,-87.677062,,
-62.7874862,-2.960412931,,
-63.24074705,-285.8417464,,
-63.60170724,-28.58606709,,
-63.76971869,-16.83750941,,
-66.44966037,-44.81418403,,
-67.61241788,-28.06403927,,
-68.21333563,-56.19691386,,
-68.25996178,-135.4269505,,
-68.31360382,84.53571429,,
-68.43959767,276.275876,,
-69.16600998,-21.78656489,,
-69.26450995,134.1315789,,
-71.94545417,-85.94802098,,
-71.96911387,-77.64924567,,
-74.24266876,-34.20327934,,
-74.30695481,-53.74271342,,
-74.62352378,-0.258979344,,
-75.60193548,146.4711278,,
-78.34887331,-9.603459812,,
-78.78747436,0,,
-79.78576924,-6.110900457,,
-80.81863159,43.95933114,,
-82.01231354,-82.71168872,,
-82.46943925,-30.73590389,,
-84.31104261,-102.8819232,,
-92.19221029,77.26893699,,
-95.37346267,-186.1114643,,
-96.8808192,-21.63886864,,
-102.445441,-51.86949968,,
-102.7123112,-7.32308096,,
-103.1344028,-104.3211549,,
-106.3923117,60.90513675,,
-106.707422,-135.2153554,,
-108.3176201,-32.25038601,,
-108.81,-25.50285918,,
-110.3189461,-3.386920491,,
-111.0134605,0,,
-111.9784591,-44.69316062,,
-112.8403226,-28.56009934,,
-113.8710471,0,,
-116.7124595,-0.115384962,,
-120.7116047,-18.47750094,,
-121.0831868,-39.9788454,,
-125.5928583,-132.2551706,,
-127.1026308,91.1793436,,
-128.6939183,-92.04758621,,
-130.1872163,-126.2373478,,
-136.5973988,0,,
-137.2536669,23.53776421,,
-140.4576056,0,,
-141.8968653,-57.32821676,,
-145.0030696,-194.6351861,,
-155.6286486,413.7106329,,
-155.8839228,-42.18540867,,
-165.6340659,-19.27742358,,
-166.1886128,37.54347988,,
-169.4934845,-18.82776686,,
-179.7459155,-46.41583333,,
-185.2128069,-118.5079409,,
-188.7291667,-149.2025,,
-189.1869747,-10.19398572,,
-196.8825059,-89.5023816,,
-220.5941667,-32.478875,,
-258.8888462,-110.9265086,,
-271.4577778,-7.913170103,,
-305.9541667,-147.6353488,,
-426.1452778,-421.3567568,,
-600.9058333,-551.7896552,,
-678.7308333,0,,
-1305.7125,0,,
-1557.350794,-252.1260417,,
